-- MySQL dump 10.13  Distrib 5.7.26, for Win64 (x86_64)
--
-- Host: localhost    Database: articleblog
-- ------------------------------------------------------
-- Server version	5.7.26

/*!40101 SET @OLD_CHARACTER_SET_CLIENT=@@CHARACTER_SET_CLIENT */;
/*!40101 SET @OLD_CHARACTER_SET_RESULTS=@@CHARACTER_SET_RESULTS */;
/*!40101 SET @OLD_COLLATION_CONNECTION=@@COLLATION_CONNECTION */;
/*!40101 SET NAMES utf8 */;
/*!40103 SET @OLD_TIME_ZONE=@@TIME_ZONE */;
/*!40103 SET TIME_ZONE='+00:00' */;
/*!40014 SET @OLD_UNIQUE_CHECKS=@@UNIQUE_CHECKS, UNIQUE_CHECKS=0 */;
/*!40014 SET @OLD_FOREIGN_KEY_CHECKS=@@FOREIGN_KEY_CHECKS, FOREIGN_KEY_CHECKS=0 */;
/*!40101 SET @OLD_SQL_MODE=@@SQL_MODE, SQL_MODE='NO_AUTO_VALUE_ON_ZERO' */;
/*!40111 SET @OLD_SQL_NOTES=@@SQL_NOTES, SQL_NOTES=0 */;

--
-- Table structure for table `article_article`
--

DROP TABLE IF EXISTS `article_article`;
/*!40101 SET @saved_cs_client     = @@character_set_client */;
/*!40101 SET character_set_client = utf8 */;
CREATE TABLE `article_article` (
  `id` int(11) NOT NULL AUTO_INCREMENT,
  `title` varchar(32) NOT NULL,
  `description` longtext NOT NULL,
  `content` longtext NOT NULL,
  `public_time` date NOT NULL,
  `picture` varchar(100) NOT NULL,
  `article_author_id` int(11) NOT NULL,
  `click` int(11) NOT NULL,
  `recomment` int(11) NOT NULL,
  PRIMARY KEY (`id`),
  KEY `Article_article_article_author_id_5387fe11_fk_Article_author_id` (`article_author_id`),
  CONSTRAINT `Article_article_article_author_id_5387fe11_fk_Article_author_id` FOREIGN KEY (`article_author_id`) REFERENCES `article_author` (`id`)
) ENGINE=InnoDB AUTO_INCREMENT=8183 DEFAULT CHARSET=utf8;
/*!40101 SET character_set_client = @saved_cs_client */;

--
-- Dumping data for table `article_article`
--

LOCK TABLES `article_article` WRITE;
/*!40000 ALTER TABLE `article_article` DISABLE KEYS */;
INSERT INTO `article_article` VALUES (2,'三体2','讲述了地球人类文明和三体文明的信息交流、生死搏杀及两个文明在宇宙中的兴衰历程。其第一部经过刘宇昆翻译后获得了第73届雨果奖最佳长篇小说奖。','文化大革命如火如荼地进行，天文学家叶文洁在期间历经劫难，被带到军方绝秘计划“红岸工程”。叶文洁以太阳为天线，向宇宙发出地球文明的第一声啼鸣，取得了探寻外星文明的突破性进展。三颗无规则运行的太阳主导下，四光年外的“三体文明”百余次毁灭与重生，正被逼迫不得不逃离母星，而恰在此时，他们接收到了地球发来的信息。对人性绝望的叶文洁向三体人暴露了地球的坐标，彻底改变了人类的命运。\r\n地球的基础科学出现了异常的扰动，纳米科学家汪淼进入神秘的网络游戏《三体》，开始逐步逼近这个世界的真相。汪淼参加一次玩家聚会时，接触到了地球上应对三体人到来而形成的一个秘密组织（ETO）。地球防卫组织中国区作战中心通过“古筝计划”，一定程度上挫败了拯救派和降临派扰乱人类科学界和其他领域思想的图谋，获悉处于困境之中的三体人为了得到一个能够稳定生存的世界决定入侵地球。\r\n在运用超技术锁死地球人的基础科学之后，庞大的三体舰队开始向地球进发，人类的末日悄然来临。','2019-08-30','images/st.jpg',3,0,1),(3,'亦筝笙3','故事背景是民国时期，讲述了男女主角相遇在朔方战火、烽烟乱世之中，携手白头的故事。','1 、握紧刺刀的时候，他最后看了一眼天边，那天幕被血与火的红和浓烟的黑层层遮蔽，寻不到半分蓝意。　不期然地又想到了那一幅画，蔚蓝的天空下，他抱着那个小小的女孩儿，而她，微笑着挽着他的手。\r\n原谅我，亦笙，我错过了靖靖的出生，大概，又要再错过她的成长了。\r\n原谅我，亦笙，这一世，不能再陪你走下去。\r\n原谅我，亦笙，明知这乱世维艰，却还是想让你好好活着，代替我的眼睛，看着日本人被赶出中国，看我泱泱中华，终有一日，扬威国际。\r\n原谅我，亦笙，有一句话，我一直知道它的意思，却从没有对你说过。　Jetaime，亦笙，我爱你。\r\n2、为国效命，虽死之日，犹生之年，开始战斗吧！\r\n3、太平本是将军定，不许将军见太平。\r\n4、军人之职，守土为国。无论如何请在座诸位谨记，勿忘国殇，奋发图强，效命沙场，报效国家。\r\n5、父帅刚才不是说了，军人最大的本分和实力，就是这一股子不怕死的气性，可是我看见她，大概就不想死了。\r\n6、十万青年十万军，国难岂待儿孙平——就让这场战事止于你我之辈，留给后代一个太平盛世吧。\r\n7那上面刊登着一幅照片，一个旗袍女子，挽着戎装的将军，美人名将，羡煞旁人。\r\n8、家可破，国，不能亡。','2019-08-30','images/yzs.jpg',4,0,1),(4,'清平调4','云想衣裳花想容\r\n春风拂槛露华浓','云想衣裳花想容\r\n春风拂槛露华浓\r\n若非群玉山头见\r\n会向瑶台月下逢\r\n一枝红艳露凝香\r\n云雨巫山枉断肠\r\n借问汉宫谁得似\r\n可怜飞燕倚新妆\r\n名花倾国两相欢\r\n常得君王带笑看\r\n解释春风无限恨\r\n沉香亭北倚阑干\r\n解释春风无限恨\r\n沉香亭北倚阑干\r\n云想衣裳花想容\r\n春风拂槛露华浓\r\n若非群玉山头见\r\n会向瑶台月下逢\r\n一枝红艳露凝香\r\n云雨巫山枉断肠\r\n借问汉宫谁得似\r\n可怜飞燕倚新妆\r\n名花倾国两相欢\r\n常得君王带笑看\r\n解释春风无限恨\r\n沉香亭北倚阑干\r\n解释春风无限恨\r\n沉香亭北倚阑干\r\n解释春风无限恨\r\n沉香亭北倚阑干','2019-08-30','images/lb_0BaUHy3.jpg',2,0,1),(5,'三体5','讲述了地球人类文明和三体文明的信息交流、生死搏杀及两个文明在宇宙中的兴衰历程。其第一部经过刘宇昆翻译后获得了第73届雨果奖最佳长篇小说奖。','文化大革命如火如荼地进行，天文学家叶文洁在期间历经劫难，被带到军方绝秘计划“红岸工程”。叶文洁以太阳为天线，向宇宙发出地球文明的第一声啼鸣，取得了探寻外星文明的突破性进展。三颗无规则运行的太阳主导下，四光年外的“三体文明”百余次毁灭与重生，正被逼迫不得不逃离母星，而恰在此时，他们接收到了地球发来的信息。对人性绝望的叶文洁向三体人暴露了地球的坐标，彻底改变了人类的命运。\r\n地球的基础科学出现了异常的扰动，纳米科学家汪淼进入神秘的网络游戏《三体》，开始逐步逼近这个世界的真相。汪淼参加一次玩家聚会时，接触到了地球上应对三体人到来而形成的一个秘密组织（ETO）。地球防卫组织中国区作战中心通过“古筝计划”，一定程度上挫败了拯救派和降临派扰乱人类科学界和其他领域思想的图谋，获悉处于困境之中的三体人为了得到一个能够稳定生存的世界决定入侵地球。\r\n在运用超技术锁死地球人的基础科学之后，庞大的三体舰队开始向地球进发，人类的末日悄然来临。','2019-08-30','images/st.jpg',3,0,1),(6,'亦筝笙6','故事背景是民国时期，讲述了男女主角相遇在朔方战火、烽烟乱世之中，携手白头的故事。','1 、握紧刺刀的时候，他最后看了一眼天边，那天幕被血与火的红和浓烟的黑层层遮蔽，寻不到半分蓝意。　不期然地又想到了那一幅画，蔚蓝的天空下，他抱着那个小小的女孩儿，而她，微笑着挽着他的手。\r\n原谅我，亦笙，我错过了靖靖的出生，大概，又要再错过她的成长了。\r\n原谅我，亦笙，这一世，不能再陪你走下去。\r\n原谅我，亦笙，明知这乱世维艰，却还是想让你好好活着，代替我的眼睛，看着日本人被赶出中国，看我泱泱中华，终有一日，扬威国际。\r\n原谅我，亦笙，有一句话，我一直知道它的意思，却从没有对你说过。　Jetaime，亦笙，我爱你。\r\n2、为国效命，虽死之日，犹生之年，开始战斗吧！\r\n3、太平本是将军定，不许将军见太平。\r\n4、军人之职，守土为国。无论如何请在座诸位谨记，勿忘国殇，奋发图强，效命沙场，报效国家。\r\n5、父帅刚才不是说了，军人最大的本分和实力，就是这一股子不怕死的气性，可是我看见她，大概就不想死了。\r\n6、十万青年十万军，国难岂待儿孙平——就让这场战事止于你我之辈，留给后代一个太平盛世吧。\r\n7那上面刊登着一幅照片，一个旗袍女子，挽着戎装的将军，美人名将，羡煞旁人。\r\n8、家可破，国，不能亡。','2019-08-30','images/yzs.jpg',4,0,1),(7,'清平调','云想衣裳花想容\r\n春风拂槛露华浓','云想衣裳花想容\r\n春风拂槛露华浓\r\n若非群玉山头见\r\n会向瑶台月下逢\r\n一枝红艳露凝香\r\n云雨巫山枉断肠\r\n借问汉宫谁得似\r\n可怜飞燕倚新妆\r\n名花倾国两相欢\r\n常得君王带笑看\r\n解释春风无限恨\r\n沉香亭北倚阑干\r\n解释春风无限恨\r\n沉香亭北倚阑干\r\n云想衣裳花想容\r\n春风拂槛露华浓\r\n若非群玉山头见\r\n会向瑶台月下逢\r\n一枝红艳露凝香\r\n云雨巫山枉断肠\r\n借问汉宫谁得似\r\n可怜飞燕倚新妆\r\n名花倾国两相欢\r\n常得君王带笑看\r\n解释春风无限恨\r\n沉香亭北倚阑干\r\n解释春风无限恨\r\n沉香亭北倚阑干\r\n解释春风无限恨\r\n沉香亭北倚阑干','2019-08-30','images/lb_0BaUHy3.jpg',2,0,1),(8,'三体','讲述了地球人类文明和三体文明的信息交流、生死搏杀及两个文明在宇宙中的兴衰历程。其第一部经过刘宇昆翻译后获得了第73届雨果奖最佳长篇小说奖。','文化大革命如火如荼地进行，天文学家叶文洁在期间历经劫难，被带到军方绝秘计划“红岸工程”。叶文洁以太阳为天线，向宇宙发出地球文明的第一声啼鸣，取得了探寻外星文明的突破性进展。三颗无规则运行的太阳主导下，四光年外的“三体文明”百余次毁灭与重生，正被逼迫不得不逃离母星，而恰在此时，他们接收到了地球发来的信息。对人性绝望的叶文洁向三体人暴露了地球的坐标，彻底改变了人类的命运。\r\n地球的基础科学出现了异常的扰动，纳米科学家汪淼进入神秘的网络游戏《三体》，开始逐步逼近这个世界的真相。汪淼参加一次玩家聚会时，接触到了地球上应对三体人到来而形成的一个秘密组织（ETO）。地球防卫组织中国区作战中心通过“古筝计划”，一定程度上挫败了拯救派和降临派扰乱人类科学界和其他领域思想的图谋，获悉处于困境之中的三体人为了得到一个能够稳定生存的世界决定入侵地球。\r\n在运用超技术锁死地球人的基础科学之后，庞大的三体舰队开始向地球进发，人类的末日悄然来临。','2019-08-30','images/st.jpg',3,0,1),(9,'亦筝笙','故事背景是民国时期，讲述了男女主角相遇在朔方战火、烽烟乱世之中，携手白头的故事。','1 、握紧刺刀的时候，他最后看了一眼天边，那天幕被血与火的红和浓烟的黑层层遮蔽，寻不到半分蓝意。　不期然地又想到了那一幅画，蔚蓝的天空下，他抱着那个小小的女孩儿，而她，微笑着挽着他的手。\r\n原谅我，亦笙，我错过了靖靖的出生，大概，又要再错过她的成长了。\r\n原谅我，亦笙，这一世，不能再陪你走下去。\r\n原谅我，亦笙，明知这乱世维艰，却还是想让你好好活着，代替我的眼睛，看着日本人被赶出中国，看我泱泱中华，终有一日，扬威国际。\r\n原谅我，亦笙，有一句话，我一直知道它的意思，却从没有对你说过。　Jetaime，亦笙，我爱你。\r\n2、为国效命，虽死之日，犹生之年，开始战斗吧！\r\n3、太平本是将军定，不许将军见太平。\r\n4、军人之职，守土为国。无论如何请在座诸位谨记，勿忘国殇，奋发图强，效命沙场，报效国家。\r\n5、父帅刚才不是说了，军人最大的本分和实力，就是这一股子不怕死的气性，可是我看见她，大概就不想死了。\r\n6、十万青年十万军，国难岂待儿孙平——就让这场战事止于你我之辈，留给后代一个太平盛世吧。\r\n7那上面刊登着一幅照片，一个旗袍女子，挽着戎装的将军，美人名将，羡煞旁人。\r\n8、家可破，国，不能亡。','2019-08-30','images/yzs.jpg',4,0,1),(10,'清平调','云想衣裳花想容\r\n春风拂槛露华浓','云想衣裳花想容\r\n春风拂槛露华浓\r\n若非群玉山头见\r\n会向瑶台月下逢\r\n一枝红艳露凝香\r\n云雨巫山枉断肠\r\n借问汉宫谁得似\r\n可怜飞燕倚新妆\r\n名花倾国两相欢\r\n常得君王带笑看\r\n解释春风无限恨\r\n沉香亭北倚阑干\r\n解释春风无限恨\r\n沉香亭北倚阑干\r\n云想衣裳花想容\r\n春风拂槛露华浓\r\n若非群玉山头见\r\n会向瑶台月下逢\r\n一枝红艳露凝香\r\n云雨巫山枉断肠\r\n借问汉宫谁得似\r\n可怜飞燕倚新妆\r\n名花倾国两相欢\r\n常得君王带笑看\r\n解释春风无限恨\r\n沉香亭北倚阑干\r\n解释春风无限恨\r\n沉香亭北倚阑干\r\n解释春风无限恨\r\n沉香亭北倚阑干','2019-08-30','images/lb_0BaUHy3.jpg',2,0,1),(11,'三体','讲述了地球人类文明和三体文明的信息交流、生死搏杀及两个文明在宇宙中的兴衰历程。其第一部经过刘宇昆翻译后获得了第73届雨果奖最佳长篇小说奖。','文化大革命如火如荼地进行，天文学家叶文洁在期间历经劫难，被带到军方绝秘计划“红岸工程”。叶文洁以太阳为天线，向宇宙发出地球文明的第一声啼鸣，取得了探寻外星文明的突破性进展。三颗无规则运行的太阳主导下，四光年外的“三体文明”百余次毁灭与重生，正被逼迫不得不逃离母星，而恰在此时，他们接收到了地球发来的信息。对人性绝望的叶文洁向三体人暴露了地球的坐标，彻底改变了人类的命运。\r\n地球的基础科学出现了异常的扰动，纳米科学家汪淼进入神秘的网络游戏《三体》，开始逐步逼近这个世界的真相。汪淼参加一次玩家聚会时，接触到了地球上应对三体人到来而形成的一个秘密组织（ETO）。地球防卫组织中国区作战中心通过“古筝计划”，一定程度上挫败了拯救派和降临派扰乱人类科学界和其他领域思想的图谋，获悉处于困境之中的三体人为了得到一个能够稳定生存的世界决定入侵地球。\r\n在运用超技术锁死地球人的基础科学之后，庞大的三体舰队开始向地球进发，人类的末日悄然来临。','2019-08-30','images/st.jpg',3,0,1),(12,'亦筝笙','故事背景是民国时期，讲述了男女主角相遇在朔方战火、烽烟乱世之中，携手白头的故事。','1 、握紧刺刀的时候，他最后看了一眼天边，那天幕被血与火的红和浓烟的黑层层遮蔽，寻不到半分蓝意。　不期然地又想到了那一幅画，蔚蓝的天空下，他抱着那个小小的女孩儿，而她，微笑着挽着他的手。\r\n原谅我，亦笙，我错过了靖靖的出生，大概，又要再错过她的成长了。\r\n原谅我，亦笙，这一世，不能再陪你走下去。\r\n原谅我，亦笙，明知这乱世维艰，却还是想让你好好活着，代替我的眼睛，看着日本人被赶出中国，看我泱泱中华，终有一日，扬威国际。\r\n原谅我，亦笙，有一句话，我一直知道它的意思，却从没有对你说过。　Jetaime，亦笙，我爱你。\r\n2、为国效命，虽死之日，犹生之年，开始战斗吧！\r\n3、太平本是将军定，不许将军见太平。\r\n4、军人之职，守土为国。无论如何请在座诸位谨记，勿忘国殇，奋发图强，效命沙场，报效国家。\r\n5、父帅刚才不是说了，军人最大的本分和实力，就是这一股子不怕死的气性，可是我看见她，大概就不想死了。\r\n6、十万青年十万军，国难岂待儿孙平——就让这场战事止于你我之辈，留给后代一个太平盛世吧。\r\n7那上面刊登着一幅照片，一个旗袍女子，挽着戎装的将军，美人名将，羡煞旁人。\r\n8、家可破，国，不能亡。','2019-08-30','images/yzs.jpg',4,0,1),(14,'清平调','云想衣裳花想容\r\n春风拂槛露华浓','云想衣裳花想容\r\n春风拂槛露华浓\r\n若非群玉山头见\r\n会向瑶台月下逢\r\n一枝红艳露凝香\r\n云雨巫山枉断肠\r\n借问汉宫谁得似\r\n可怜飞燕倚新妆\r\n名花倾国两相欢\r\n常得君王带笑看\r\n解释春风无限恨\r\n沉香亭北倚阑干\r\n解释春风无限恨\r\n沉香亭北倚阑干\r\n云想衣裳花想容\r\n春风拂槛露华浓\r\n若非群玉山头见\r\n会向瑶台月下逢\r\n一枝红艳露凝香\r\n云雨巫山枉断肠\r\n借问汉宫谁得似\r\n可怜飞燕倚新妆\r\n名花倾国两相欢\r\n常得君王带笑看\r\n解释春风无限恨\r\n沉香亭北倚阑干\r\n解释春风无限恨\r\n沉香亭北倚阑干\r\n解释春风无限恨\r\n沉香亭北倚阑干','2019-08-30','images/lb_0BaUHy3.jpg',2,0,1),(15,'三体','讲述了地球人类文明和三体文明的信息交流、生死搏杀及两个文明在宇宙中的兴衰历程。其第一部经过刘宇昆翻译后获得了第73届雨果奖最佳长篇小说奖。','文化大革命如火如荼地进行，天文学家叶文洁在期间历经劫难，被带到军方绝秘计划“红岸工程”。叶文洁以太阳为天线，向宇宙发出地球文明的第一声啼鸣，取得了探寻外星文明的突破性进展。三颗无规则运行的太阳主导下，四光年外的“三体文明”百余次毁灭与重生，正被逼迫不得不逃离母星，而恰在此时，他们接收到了地球发来的信息。对人性绝望的叶文洁向三体人暴露了地球的坐标，彻底改变了人类的命运。\r\n地球的基础科学出现了异常的扰动，纳米科学家汪淼进入神秘的网络游戏《三体》，开始逐步逼近这个世界的真相。汪淼参加一次玩家聚会时，接触到了地球上应对三体人到来而形成的一个秘密组织（ETO）。地球防卫组织中国区作战中心通过“古筝计划”，一定程度上挫败了拯救派和降临派扰乱人类科学界和其他领域思想的图谋，获悉处于困境之中的三体人为了得到一个能够稳定生存的世界决定入侵地球。\r\n在运用超技术锁死地球人的基础科学之后，庞大的三体舰队开始向地球进发，人类的末日悄然来临。','2019-08-30','images/st.jpg',3,0,1),(16,'亦筝笙','故事背景是民国时期，讲述了男女主角相遇在朔方战火、烽烟乱世之中，携手白头的故事。','1 、握紧刺刀的时候，他最后看了一眼天边，那天幕被血与火的红和浓烟的黑层层遮蔽，寻不到半分蓝意。　不期然地又想到了那一幅画，蔚蓝的天空下，他抱着那个小小的女孩儿，而她，微笑着挽着他的手。\r\n原谅我，亦笙，我错过了靖靖的出生，大概，又要再错过她的成长了。\r\n原谅我，亦笙，这一世，不能再陪你走下去。\r\n原谅我，亦笙，明知这乱世维艰，却还是想让你好好活着，代替我的眼睛，看着日本人被赶出中国，看我泱泱中华，终有一日，扬威国际。\r\n原谅我，亦笙，有一句话，我一直知道它的意思，却从没有对你说过。　Jetaime，亦笙，我爱你。\r\n2、为国效命，虽死之日，犹生之年，开始战斗吧！\r\n3、太平本是将军定，不许将军见太平。\r\n4、军人之职，守土为国。无论如何请在座诸位谨记，勿忘国殇，奋发图强，效命沙场，报效国家。\r\n5、父帅刚才不是说了，军人最大的本分和实力，就是这一股子不怕死的气性，可是我看见她，大概就不想死了。\r\n6、十万青年十万军，国难岂待儿孙平——就让这场战事止于你我之辈，留给后代一个太平盛世吧。\r\n7那上面刊登着一幅照片，一个旗袍女子，挽着戎装的将军，美人名将，羡煞旁人。\r\n8、家可破，国，不能亡。','2019-08-30','images/yzs.jpg',4,0,1),(17,'清平调','云想衣裳花想容\r\n春风拂槛露华浓','云想衣裳花想容\r\n春风拂槛露华浓\r\n若非群玉山头见\r\n会向瑶台月下逢\r\n一枝红艳露凝香\r\n云雨巫山枉断肠\r\n借问汉宫谁得似\r\n可怜飞燕倚新妆\r\n名花倾国两相欢\r\n常得君王带笑看\r\n解释春风无限恨\r\n沉香亭北倚阑干\r\n解释春风无限恨\r\n沉香亭北倚阑干\r\n云想衣裳花想容\r\n春风拂槛露华浓\r\n若非群玉山头见\r\n会向瑶台月下逢\r\n一枝红艳露凝香\r\n云雨巫山枉断肠\r\n借问汉宫谁得似\r\n可怜飞燕倚新妆\r\n名花倾国两相欢\r\n常得君王带笑看\r\n解释春风无限恨\r\n沉香亭北倚阑干\r\n解释春风无限恨\r\n沉香亭北倚阑干\r\n解释春风无限恨\r\n沉香亭北倚阑干','2019-08-30','images/lb_0BaUHy3.jpg',2,0,1),(18,'三体','讲述了地球人类文明和三体文明的信息交流、生死搏杀及两个文明在宇宙中的兴衰历程。其第一部经过刘宇昆翻译后获得了第73届雨果奖最佳长篇小说奖。','文化大革命如火如荼地进行，天文学家叶文洁在期间历经劫难，被带到军方绝秘计划“红岸工程”。叶文洁以太阳为天线，向宇宙发出地球文明的第一声啼鸣，取得了探寻外星文明的突破性进展。三颗无规则运行的太阳主导下，四光年外的“三体文明”百余次毁灭与重生，正被逼迫不得不逃离母星，而恰在此时，他们接收到了地球发来的信息。对人性绝望的叶文洁向三体人暴露了地球的坐标，彻底改变了人类的命运。\r\n地球的基础科学出现了异常的扰动，纳米科学家汪淼进入神秘的网络游戏《三体》，开始逐步逼近这个世界的真相。汪淼参加一次玩家聚会时，接触到了地球上应对三体人到来而形成的一个秘密组织（ETO）。地球防卫组织中国区作战中心通过“古筝计划”，一定程度上挫败了拯救派和降临派扰乱人类科学界和其他领域思想的图谋，获悉处于困境之中的三体人为了得到一个能够稳定生存的世界决定入侵地球。\r\n在运用超技术锁死地球人的基础科学之后，庞大的三体舰队开始向地球进发，人类的末日悄然来临。','2019-08-30','images/st.jpg',3,0,1),(19,'亦筝笙','故事背景是民国时期，讲述了男女主角相遇在朔方战火、烽烟乱世之中，携手白头的故事。','1 、握紧刺刀的时候，他最后看了一眼天边，那天幕被血与火的红和浓烟的黑层层遮蔽，寻不到半分蓝意。　不期然地又想到了那一幅画，蔚蓝的天空下，他抱着那个小小的女孩儿，而她，微笑着挽着他的手。\r\n原谅我，亦笙，我错过了靖靖的出生，大概，又要再错过她的成长了。\r\n原谅我，亦笙，这一世，不能再陪你走下去。\r\n原谅我，亦笙，明知这乱世维艰，却还是想让你好好活着，代替我的眼睛，看着日本人被赶出中国，看我泱泱中华，终有一日，扬威国际。\r\n原谅我，亦笙，有一句话，我一直知道它的意思，却从没有对你说过。　Jetaime，亦笙，我爱你。\r\n2、为国效命，虽死之日，犹生之年，开始战斗吧！\r\n3、太平本是将军定，不许将军见太平。\r\n4、军人之职，守土为国。无论如何请在座诸位谨记，勿忘国殇，奋发图强，效命沙场，报效国家。\r\n5、父帅刚才不是说了，军人最大的本分和实力，就是这一股子不怕死的气性，可是我看见她，大概就不想死了。\r\n6、十万青年十万军，国难岂待儿孙平——就让这场战事止于你我之辈，留给后代一个太平盛世吧。\r\n7那上面刊登着一幅照片，一个旗袍女子，挽着戎装的将军，美人名将，羡煞旁人。\r\n8、家可破，国，不能亡。','2019-08-30','images/yzs.jpg',4,0,1),(20,'清平调','云想衣裳花想容\r\n春风拂槛露华浓','云想衣裳花想容\r\n春风拂槛露华浓\r\n若非群玉山头见\r\n会向瑶台月下逢\r\n一枝红艳露凝香\r\n云雨巫山枉断肠\r\n借问汉宫谁得似\r\n可怜飞燕倚新妆\r\n名花倾国两相欢\r\n常得君王带笑看\r\n解释春风无限恨\r\n沉香亭北倚阑干\r\n解释春风无限恨\r\n沉香亭北倚阑干\r\n云想衣裳花想容\r\n春风拂槛露华浓\r\n若非群玉山头见\r\n会向瑶台月下逢\r\n一枝红艳露凝香\r\n云雨巫山枉断肠\r\n借问汉宫谁得似\r\n可怜飞燕倚新妆\r\n名花倾国两相欢\r\n常得君王带笑看\r\n解释春风无限恨\r\n沉香亭北倚阑干\r\n解释春风无限恨\r\n沉香亭北倚阑干\r\n解释春风无限恨\r\n沉香亭北倚阑干','2019-08-30','images/lb_0BaUHy3.jpg',2,0,1),(21,'三体','讲述了地球人类文明和三体文明的信息交流、生死搏杀及两个文明在宇宙中的兴衰历程。其第一部经过刘宇昆翻译后获得了第73届雨果奖最佳长篇小说奖。','文化大革命如火如荼地进行，天文学家叶文洁在期间历经劫难，被带到军方绝秘计划“红岸工程”。叶文洁以太阳为天线，向宇宙发出地球文明的第一声啼鸣，取得了探寻外星文明的突破性进展。三颗无规则运行的太阳主导下，四光年外的“三体文明”百余次毁灭与重生，正被逼迫不得不逃离母星，而恰在此时，他们接收到了地球发来的信息。对人性绝望的叶文洁向三体人暴露了地球的坐标，彻底改变了人类的命运。\r\n地球的基础科学出现了异常的扰动，纳米科学家汪淼进入神秘的网络游戏《三体》，开始逐步逼近这个世界的真相。汪淼参加一次玩家聚会时，接触到了地球上应对三体人到来而形成的一个秘密组织（ETO）。地球防卫组织中国区作战中心通过“古筝计划”，一定程度上挫败了拯救派和降临派扰乱人类科学界和其他领域思想的图谋，获悉处于困境之中的三体人为了得到一个能够稳定生存的世界决定入侵地球。\r\n在运用超技术锁死地球人的基础科学之后，庞大的三体舰队开始向地球进发，人类的末日悄然来临。','2019-08-30','images/st.jpg',3,0,0),(22,'亦筝笙','故事背景是民国时期，讲述了男女主角相遇在朔方战火、烽烟乱世之中，携手白头的故事。','1 、握紧刺刀的时候，他最后看了一眼天边，那天幕被血与火的红和浓烟的黑层层遮蔽，寻不到半分蓝意。　不期然地又想到了那一幅画，蔚蓝的天空下，他抱着那个小小的女孩儿，而她，微笑着挽着他的手。\r\n原谅我，亦笙，我错过了靖靖的出生，大概，又要再错过她的成长了。\r\n原谅我，亦笙，这一世，不能再陪你走下去。\r\n原谅我，亦笙，明知这乱世维艰，却还是想让你好好活着，代替我的眼睛，看着日本人被赶出中国，看我泱泱中华，终有一日，扬威国际。\r\n原谅我，亦笙，有一句话，我一直知道它的意思，却从没有对你说过。　Jetaime，亦笙，我爱你。\r\n2、为国效命，虽死之日，犹生之年，开始战斗吧！\r\n3、太平本是将军定，不许将军见太平。\r\n4、军人之职，守土为国。无论如何请在座诸位谨记，勿忘国殇，奋发图强，效命沙场，报效国家。\r\n5、父帅刚才不是说了，军人最大的本分和实力，就是这一股子不怕死的气性，可是我看见她，大概就不想死了。\r\n6、十万青年十万军，国难岂待儿孙平——就让这场战事止于你我之辈，留给后代一个太平盛世吧。\r\n7那上面刊登着一幅照片，一个旗袍女子，挽着戎装的将军，美人名将，羡煞旁人。\r\n8、家可破，国，不能亡。','2019-08-30','images/yzs.jpg',4,0,0),(23,'清平调','云想衣裳花想容\r\n春风拂槛露华浓','云想衣裳花想容\r\n春风拂槛露华浓\r\n若非群玉山头见\r\n会向瑶台月下逢\r\n一枝红艳露凝香\r\n云雨巫山枉断肠\r\n借问汉宫谁得似\r\n可怜飞燕倚新妆\r\n名花倾国两相欢\r\n常得君王带笑看\r\n解释春风无限恨\r\n沉香亭北倚阑干\r\n解释春风无限恨\r\n沉香亭北倚阑干\r\n云想衣裳花想容\r\n春风拂槛露华浓\r\n若非群玉山头见\r\n会向瑶台月下逢\r\n一枝红艳露凝香\r\n云雨巫山枉断肠\r\n借问汉宫谁得似\r\n可怜飞燕倚新妆\r\n名花倾国两相欢\r\n常得君王带笑看\r\n解释春风无限恨\r\n沉香亭北倚阑干\r\n解释春风无限恨\r\n沉香亭北倚阑干\r\n解释春风无限恨\r\n沉香亭北倚阑干','2019-08-30','images/lb_0BaUHy3.jpg',2,0,1),(24,'三体','讲述了地球人类文明和三体文明的信息交流、生死搏杀及两个文明在宇宙中的兴衰历程。其第一部经过刘宇昆翻译后获得了第73届雨果奖最佳长篇小说奖。','文化大革命如火如荼地进行，天文学家叶文洁在期间历经劫难，被带到军方绝秘计划“红岸工程”。叶文洁以太阳为天线，向宇宙发出地球文明的第一声啼鸣，取得了探寻外星文明的突破性进展。三颗无规则运行的太阳主导下，四光年外的“三体文明”百余次毁灭与重生，正被逼迫不得不逃离母星，而恰在此时，他们接收到了地球发来的信息。对人性绝望的叶文洁向三体人暴露了地球的坐标，彻底改变了人类的命运。\r\n地球的基础科学出现了异常的扰动，纳米科学家汪淼进入神秘的网络游戏《三体》，开始逐步逼近这个世界的真相。汪淼参加一次玩家聚会时，接触到了地球上应对三体人到来而形成的一个秘密组织（ETO）。地球防卫组织中国区作战中心通过“古筝计划”，一定程度上挫败了拯救派和降临派扰乱人类科学界和其他领域思想的图谋，获悉处于困境之中的三体人为了得到一个能够稳定生存的世界决定入侵地球。\r\n在运用超技术锁死地球人的基础科学之后，庞大的三体舰队开始向地球进发，人类的末日悄然来临。','2019-08-30','images/st.jpg',3,0,0),(25,'亦筝笙','故事背景是民国时期，讲述了男女主角相遇在朔方战火、烽烟乱世之中，携手白头的故事。','1 、握紧刺刀的时候，他最后看了一眼天边，那天幕被血与火的红和浓烟的黑层层遮蔽，寻不到半分蓝意。　不期然地又想到了那一幅画，蔚蓝的天空下，他抱着那个小小的女孩儿，而她，微笑着挽着他的手。\r\n原谅我，亦笙，我错过了靖靖的出生，大概，又要再错过她的成长了。\r\n原谅我，亦笙，这一世，不能再陪你走下去。\r\n原谅我，亦笙，明知这乱世维艰，却还是想让你好好活着，代替我的眼睛，看着日本人被赶出中国，看我泱泱中华，终有一日，扬威国际。\r\n原谅我，亦笙，有一句话，我一直知道它的意思，却从没有对你说过。　Jetaime，亦笙，我爱你。\r\n2、为国效命，虽死之日，犹生之年，开始战斗吧！\r\n3、太平本是将军定，不许将军见太平。\r\n4、军人之职，守土为国。无论如何请在座诸位谨记，勿忘国殇，奋发图强，效命沙场，报效国家。\r\n5、父帅刚才不是说了，军人最大的本分和实力，就是这一股子不怕死的气性，可是我看见她，大概就不想死了。\r\n6、十万青年十万军，国难岂待儿孙平——就让这场战事止于你我之辈，留给后代一个太平盛世吧。\r\n7那上面刊登着一幅照片，一个旗袍女子，挽着戎装的将军，美人名将，羡煞旁人。\r\n8、家可破，国，不能亡。','2019-08-30','images/yzs.jpg',4,0,0),(29,'清平调','云想衣裳花想容\r\n春风拂槛露华浓','云想衣裳花想容\r\n春风拂槛露华浓\r\n若非群玉山头见\r\n会向瑶台月下逢\r\n一枝红艳露凝香\r\n云雨巫山枉断肠\r\n借问汉宫谁得似\r\n可怜飞燕倚新妆\r\n名花倾国两相欢\r\n常得君王带笑看\r\n解释春风无限恨\r\n沉香亭北倚阑干\r\n解释春风无限恨\r\n沉香亭北倚阑干\r\n云想衣裳花想容\r\n春风拂槛露华浓\r\n若非群玉山头见\r\n会向瑶台月下逢\r\n一枝红艳露凝香\r\n云雨巫山枉断肠\r\n借问汉宫谁得似\r\n可怜飞燕倚新妆\r\n名花倾国两相欢\r\n常得君王带笑看\r\n解释春风无限恨\r\n沉香亭北倚阑干\r\n解释春风无限恨\r\n沉香亭北倚阑干\r\n解释春风无限恨\r\n沉香亭北倚阑干','2019-08-30','images/lb_0BaUHy3.jpg',2,0,0),(30,'三体','讲述了地球人类文明和三体文明的信息交流、生死搏杀及两个文明在宇宙中的兴衰历程。其第一部经过刘宇昆翻译后获得了第73届雨果奖最佳长篇小说奖。','文化大革命如火如荼地进行，天文学家叶文洁在期间历经劫难，被带到军方绝秘计划“红岸工程”。叶文洁以太阳为天线，向宇宙发出地球文明的第一声啼鸣，取得了探寻外星文明的突破性进展。三颗无规则运行的太阳主导下，四光年外的“三体文明”百余次毁灭与重生，正被逼迫不得不逃离母星，而恰在此时，他们接收到了地球发来的信息。对人性绝望的叶文洁向三体人暴露了地球的坐标，彻底改变了人类的命运。\r\n地球的基础科学出现了异常的扰动，纳米科学家汪淼进入神秘的网络游戏《三体》，开始逐步逼近这个世界的真相。汪淼参加一次玩家聚会时，接触到了地球上应对三体人到来而形成的一个秘密组织（ETO）。地球防卫组织中国区作战中心通过“古筝计划”，一定程度上挫败了拯救派和降临派扰乱人类科学界和其他领域思想的图谋，获悉处于困境之中的三体人为了得到一个能够稳定生存的世界决定入侵地球。\r\n在运用超技术锁死地球人的基础科学之后，庞大的三体舰队开始向地球进发，人类的末日悄然来临。','2019-08-30','images/st.jpg',3,0,0),(31,'亦筝笙','故事背景是民国时期，讲述了男女主角相遇在朔方战火、烽烟乱世之中，携手白头的故事。','1 、握紧刺刀的时候，他最后看了一眼天边，那天幕被血与火的红和浓烟的黑层层遮蔽，寻不到半分蓝意。　不期然地又想到了那一幅画，蔚蓝的天空下，他抱着那个小小的女孩儿，而她，微笑着挽着他的手。\r\n原谅我，亦笙，我错过了靖靖的出生，大概，又要再错过她的成长了。\r\n原谅我，亦笙，这一世，不能再陪你走下去。\r\n原谅我，亦笙，明知这乱世维艰，却还是想让你好好活着，代替我的眼睛，看着日本人被赶出中国，看我泱泱中华，终有一日，扬威国际。\r\n原谅我，亦笙，有一句话，我一直知道它的意思，却从没有对你说过。　Jetaime，亦笙，我爱你。\r\n2、为国效命，虽死之日，犹生之年，开始战斗吧！\r\n3、太平本是将军定，不许将军见太平。\r\n4、军人之职，守土为国。无论如何请在座诸位谨记，勿忘国殇，奋发图强，效命沙场，报效国家。\r\n5、父帅刚才不是说了，军人最大的本分和实力，就是这一股子不怕死的气性，可是我看见她，大概就不想死了。\r\n6、十万青年十万军，国难岂待儿孙平——就让这场战事止于你我之辈，留给后代一个太平盛世吧。\r\n7那上面刊登着一幅照片，一个旗袍女子，挽着戎装的将军，美人名将，羡煞旁人。\r\n8、家可破，国，不能亡。','2019-08-30','images/yzs.jpg',4,0,0),(32,'清平调','云想衣裳花想容\r\n春风拂槛露华浓','云想衣裳花想容\r\n春风拂槛露华浓\r\n若非群玉山头见\r\n会向瑶台月下逢\r\n一枝红艳露凝香\r\n云雨巫山枉断肠\r\n借问汉宫谁得似\r\n可怜飞燕倚新妆\r\n名花倾国两相欢\r\n常得君王带笑看\r\n解释春风无限恨\r\n沉香亭北倚阑干\r\n解释春风无限恨\r\n沉香亭北倚阑干\r\n云想衣裳花想容\r\n春风拂槛露华浓\r\n若非群玉山头见\r\n会向瑶台月下逢\r\n一枝红艳露凝香\r\n云雨巫山枉断肠\r\n借问汉宫谁得似\r\n可怜飞燕倚新妆\r\n名花倾国两相欢\r\n常得君王带笑看\r\n解释春风无限恨\r\n沉香亭北倚阑干\r\n解释春风无限恨\r\n沉香亭北倚阑干\r\n解释春风无限恨\r\n沉香亭北倚阑干','2019-08-30','images/lb_0BaUHy3.jpg',2,0,0),(33,'三体','讲述了地球人类文明和三体文明的信息交流、生死搏杀及两个文明在宇宙中的兴衰历程。其第一部经过刘宇昆翻译后获得了第73届雨果奖最佳长篇小说奖。','文化大革命如火如荼地进行，天文学家叶文洁在期间历经劫难，被带到军方绝秘计划“红岸工程”。叶文洁以太阳为天线，向宇宙发出地球文明的第一声啼鸣，取得了探寻外星文明的突破性进展。三颗无规则运行的太阳主导下，四光年外的“三体文明”百余次毁灭与重生，正被逼迫不得不逃离母星，而恰在此时，他们接收到了地球发来的信息。对人性绝望的叶文洁向三体人暴露了地球的坐标，彻底改变了人类的命运。\r\n地球的基础科学出现了异常的扰动，纳米科学家汪淼进入神秘的网络游戏《三体》，开始逐步逼近这个世界的真相。汪淼参加一次玩家聚会时，接触到了地球上应对三体人到来而形成的一个秘密组织（ETO）。地球防卫组织中国区作战中心通过“古筝计划”，一定程度上挫败了拯救派和降临派扰乱人类科学界和其他领域思想的图谋，获悉处于困境之中的三体人为了得到一个能够稳定生存的世界决定入侵地球。\r\n在运用超技术锁死地球人的基础科学之后，庞大的三体舰队开始向地球进发，人类的末日悄然来临。','2019-08-30','images/st.jpg',3,0,0),(34,'亦筝笙','故事背景是民国时期，讲述了男女主角相遇在朔方战火、烽烟乱世之中，携手白头的故事。','1 、握紧刺刀的时候，他最后看了一眼天边，那天幕被血与火的红和浓烟的黑层层遮蔽，寻不到半分蓝意。　不期然地又想到了那一幅画，蔚蓝的天空下，他抱着那个小小的女孩儿，而她，微笑着挽着他的手。\r\n原谅我，亦笙，我错过了靖靖的出生，大概，又要再错过她的成长了。\r\n原谅我，亦笙，这一世，不能再陪你走下去。\r\n原谅我，亦笙，明知这乱世维艰，却还是想让你好好活着，代替我的眼睛，看着日本人被赶出中国，看我泱泱中华，终有一日，扬威国际。\r\n原谅我，亦笙，有一句话，我一直知道它的意思，却从没有对你说过。　Jetaime，亦笙，我爱你。\r\n2、为国效命，虽死之日，犹生之年，开始战斗吧！\r\n3、太平本是将军定，不许将军见太平。\r\n4、军人之职，守土为国。无论如何请在座诸位谨记，勿忘国殇，奋发图强，效命沙场，报效国家。\r\n5、父帅刚才不是说了，军人最大的本分和实力，就是这一股子不怕死的气性，可是我看见她，大概就不想死了。\r\n6、十万青年十万军，国难岂待儿孙平——就让这场战事止于你我之辈，留给后代一个太平盛世吧。\r\n7那上面刊登着一幅照片，一个旗袍女子，挽着戎装的将军，美人名将，羡煞旁人。\r\n8、家可破，国，不能亡。','2019-08-30','images/yzs.jpg',4,0,0),(35,'清平调','云想衣裳花想容\r\n春风拂槛露华浓','云想衣裳花想容\r\n春风拂槛露华浓\r\n若非群玉山头见\r\n会向瑶台月下逢\r\n一枝红艳露凝香\r\n云雨巫山枉断肠\r\n借问汉宫谁得似\r\n可怜飞燕倚新妆\r\n名花倾国两相欢\r\n常得君王带笑看\r\n解释春风无限恨\r\n沉香亭北倚阑干\r\n解释春风无限恨\r\n沉香亭北倚阑干\r\n云想衣裳花想容\r\n春风拂槛露华浓\r\n若非群玉山头见\r\n会向瑶台月下逢\r\n一枝红艳露凝香\r\n云雨巫山枉断肠\r\n借问汉宫谁得似\r\n可怜飞燕倚新妆\r\n名花倾国两相欢\r\n常得君王带笑看\r\n解释春风无限恨\r\n沉香亭北倚阑干\r\n解释春风无限恨\r\n沉香亭北倚阑干\r\n解释春风无限恨\r\n沉香亭北倚阑干','2019-08-30','images/lb_0BaUHy3.jpg',2,0,0),(36,'三体','讲述了地球人类文明和三体文明的信息交流、生死搏杀及两个文明在宇宙中的兴衰历程。其第一部经过刘宇昆翻译后获得了第73届雨果奖最佳长篇小说奖。','文化大革命如火如荼地进行，天文学家叶文洁在期间历经劫难，被带到军方绝秘计划“红岸工程”。叶文洁以太阳为天线，向宇宙发出地球文明的第一声啼鸣，取得了探寻外星文明的突破性进展。三颗无规则运行的太阳主导下，四光年外的“三体文明”百余次毁灭与重生，正被逼迫不得不逃离母星，而恰在此时，他们接收到了地球发来的信息。对人性绝望的叶文洁向三体人暴露了地球的坐标，彻底改变了人类的命运。\r\n地球的基础科学出现了异常的扰动，纳米科学家汪淼进入神秘的网络游戏《三体》，开始逐步逼近这个世界的真相。汪淼参加一次玩家聚会时，接触到了地球上应对三体人到来而形成的一个秘密组织（ETO）。地球防卫组织中国区作战中心通过“古筝计划”，一定程度上挫败了拯救派和降临派扰乱人类科学界和其他领域思想的图谋，获悉处于困境之中的三体人为了得到一个能够稳定生存的世界决定入侵地球。\r\n在运用超技术锁死地球人的基础科学之后，庞大的三体舰队开始向地球进发，人类的末日悄然来临。','2019-08-30','images/st.jpg',3,0,0),(37,'亦筝笙','故事背景是民国时期，讲述了男女主角相遇在朔方战火、烽烟乱世之中，携手白头的故事。','1 、握紧刺刀的时候，他最后看了一眼天边，那天幕被血与火的红和浓烟的黑层层遮蔽，寻不到半分蓝意。　不期然地又想到了那一幅画，蔚蓝的天空下，他抱着那个小小的女孩儿，而她，微笑着挽着他的手。\r\n原谅我，亦笙，我错过了靖靖的出生，大概，又要再错过她的成长了。\r\n原谅我，亦笙，这一世，不能再陪你走下去。\r\n原谅我，亦笙，明知这乱世维艰，却还是想让你好好活着，代替我的眼睛，看着日本人被赶出中国，看我泱泱中华，终有一日，扬威国际。\r\n原谅我，亦笙，有一句话，我一直知道它的意思，却从没有对你说过。　Jetaime，亦笙，我爱你。\r\n2、为国效命，虽死之日，犹生之年，开始战斗吧！\r\n3、太平本是将军定，不许将军见太平。\r\n4、军人之职，守土为国。无论如何请在座诸位谨记，勿忘国殇，奋发图强，效命沙场，报效国家。\r\n5、父帅刚才不是说了，军人最大的本分和实力，就是这一股子不怕死的气性，可是我看见她，大概就不想死了。\r\n6、十万青年十万军，国难岂待儿孙平——就让这场战事止于你我之辈，留给后代一个太平盛世吧。\r\n7那上面刊登着一幅照片，一个旗袍女子，挽着戎装的将军，美人名将，羡煞旁人。\r\n8、家可破，国，不能亡。','2019-08-30','images/yzs.jpg',4,0,0),(38,'清平调','云想衣裳花想容\r\n春风拂槛露华浓','云想衣裳花想容\r\n春风拂槛露华浓\r\n若非群玉山头见\r\n会向瑶台月下逢\r\n一枝红艳露凝香\r\n云雨巫山枉断肠\r\n借问汉宫谁得似\r\n可怜飞燕倚新妆\r\n名花倾国两相欢\r\n常得君王带笑看\r\n解释春风无限恨\r\n沉香亭北倚阑干\r\n解释春风无限恨\r\n沉香亭北倚阑干\r\n云想衣裳花想容\r\n春风拂槛露华浓\r\n若非群玉山头见\r\n会向瑶台月下逢\r\n一枝红艳露凝香\r\n云雨巫山枉断肠\r\n借问汉宫谁得似\r\n可怜飞燕倚新妆\r\n名花倾国两相欢\r\n常得君王带笑看\r\n解释春风无限恨\r\n沉香亭北倚阑干\r\n解释春风无限恨\r\n沉香亭北倚阑干\r\n解释春风无限恨\r\n沉香亭北倚阑干','2019-08-30','images/lb_0BaUHy3.jpg',2,0,0),(39,'三体','讲述了地球人类文明和三体文明的信息交流、生死搏杀及两个文明在宇宙中的兴衰历程。其第一部经过刘宇昆翻译后获得了第73届雨果奖最佳长篇小说奖。','文化大革命如火如荼地进行，天文学家叶文洁在期间历经劫难，被带到军方绝秘计划“红岸工程”。叶文洁以太阳为天线，向宇宙发出地球文明的第一声啼鸣，取得了探寻外星文明的突破性进展。三颗无规则运行的太阳主导下，四光年外的“三体文明”百余次毁灭与重生，正被逼迫不得不逃离母星，而恰在此时，他们接收到了地球发来的信息。对人性绝望的叶文洁向三体人暴露了地球的坐标，彻底改变了人类的命运。\r\n地球的基础科学出现了异常的扰动，纳米科学家汪淼进入神秘的网络游戏《三体》，开始逐步逼近这个世界的真相。汪淼参加一次玩家聚会时，接触到了地球上应对三体人到来而形成的一个秘密组织（ETO）。地球防卫组织中国区作战中心通过“古筝计划”，一定程度上挫败了拯救派和降临派扰乱人类科学界和其他领域思想的图谋，获悉处于困境之中的三体人为了得到一个能够稳定生存的世界决定入侵地球。\r\n在运用超技术锁死地球人的基础科学之后，庞大的三体舰队开始向地球进发，人类的末日悄然来临。','2019-08-30','images/st.jpg',3,0,0),(40,'亦筝笙','故事背景是民国时期，讲述了男女主角相遇在朔方战火、烽烟乱世之中，携手白头的故事。','1 、握紧刺刀的时候，他最后看了一眼天边，那天幕被血与火的红和浓烟的黑层层遮蔽，寻不到半分蓝意。　不期然地又想到了那一幅画，蔚蓝的天空下，他抱着那个小小的女孩儿，而她，微笑着挽着他的手。\r\n原谅我，亦笙，我错过了靖靖的出生，大概，又要再错过她的成长了。\r\n原谅我，亦笙，这一世，不能再陪你走下去。\r\n原谅我，亦笙，明知这乱世维艰，却还是想让你好好活着，代替我的眼睛，看着日本人被赶出中国，看我泱泱中华，终有一日，扬威国际。\r\n原谅我，亦笙，有一句话，我一直知道它的意思，却从没有对你说过。　Jetaime，亦笙，我爱你。\r\n2、为国效命，虽死之日，犹生之年，开始战斗吧！\r\n3、太平本是将军定，不许将军见太平。\r\n4、军人之职，守土为国。无论如何请在座诸位谨记，勿忘国殇，奋发图强，效命沙场，报效国家。\r\n5、父帅刚才不是说了，军人最大的本分和实力，就是这一股子不怕死的气性，可是我看见她，大概就不想死了。\r\n6、十万青年十万军，国难岂待儿孙平——就让这场战事止于你我之辈，留给后代一个太平盛世吧。\r\n7那上面刊登着一幅照片，一个旗袍女子，挽着戎装的将军，美人名将，羡煞旁人。\r\n8、家可破，国，不能亡。','2019-08-30','images/yzs.jpg',4,0,0),(41,'清平调','云想衣裳花想容\r\n春风拂槛露华浓','云想衣裳花想容\r\n春风拂槛露华浓\r\n若非群玉山头见\r\n会向瑶台月下逢\r\n一枝红艳露凝香\r\n云雨巫山枉断肠\r\n借问汉宫谁得似\r\n可怜飞燕倚新妆\r\n名花倾国两相欢\r\n常得君王带笑看\r\n解释春风无限恨\r\n沉香亭北倚阑干\r\n解释春风无限恨\r\n沉香亭北倚阑干\r\n云想衣裳花想容\r\n春风拂槛露华浓\r\n若非群玉山头见\r\n会向瑶台月下逢\r\n一枝红艳露凝香\r\n云雨巫山枉断肠\r\n借问汉宫谁得似\r\n可怜飞燕倚新妆\r\n名花倾国两相欢\r\n常得君王带笑看\r\n解释春风无限恨\r\n沉香亭北倚阑干\r\n解释春风无限恨\r\n沉香亭北倚阑干\r\n解释春风无限恨\r\n沉香亭北倚阑干','2019-08-30','images/lb_0BaUHy3.jpg',2,0,0),(42,'三体','讲述了地球人类文明和三体文明的信息交流、生死搏杀及两个文明在宇宙中的兴衰历程。其第一部经过刘宇昆翻译后获得了第73届雨果奖最佳长篇小说奖。','文化大革命如火如荼地进行，天文学家叶文洁在期间历经劫难，被带到军方绝秘计划“红岸工程”。叶文洁以太阳为天线，向宇宙发出地球文明的第一声啼鸣，取得了探寻外星文明的突破性进展。三颗无规则运行的太阳主导下，四光年外的“三体文明”百余次毁灭与重生，正被逼迫不得不逃离母星，而恰在此时，他们接收到了地球发来的信息。对人性绝望的叶文洁向三体人暴露了地球的坐标，彻底改变了人类的命运。\r\n地球的基础科学出现了异常的扰动，纳米科学家汪淼进入神秘的网络游戏《三体》，开始逐步逼近这个世界的真相。汪淼参加一次玩家聚会时，接触到了地球上应对三体人到来而形成的一个秘密组织（ETO）。地球防卫组织中国区作战中心通过“古筝计划”，一定程度上挫败了拯救派和降临派扰乱人类科学界和其他领域思想的图谋，获悉处于困境之中的三体人为了得到一个能够稳定生存的世界决定入侵地球。\r\n在运用超技术锁死地球人的基础科学之后，庞大的三体舰队开始向地球进发，人类的末日悄然来临。','2019-08-30','images/st.jpg',3,0,0),(43,'亦筝笙','故事背景是民国时期，讲述了男女主角相遇在朔方战火、烽烟乱世之中，携手白头的故事。','1 、握紧刺刀的时候，他最后看了一眼天边，那天幕被血与火的红和浓烟的黑层层遮蔽，寻不到半分蓝意。　不期然地又想到了那一幅画，蔚蓝的天空下，他抱着那个小小的女孩儿，而她，微笑着挽着他的手。\r\n原谅我，亦笙，我错过了靖靖的出生，大概，又要再错过她的成长了。\r\n原谅我，亦笙，这一世，不能再陪你走下去。\r\n原谅我，亦笙，明知这乱世维艰，却还是想让你好好活着，代替我的眼睛，看着日本人被赶出中国，看我泱泱中华，终有一日，扬威国际。\r\n原谅我，亦笙，有一句话，我一直知道它的意思，却从没有对你说过。　Jetaime，亦笙，我爱你。\r\n2、为国效命，虽死之日，犹生之年，开始战斗吧！\r\n3、太平本是将军定，不许将军见太平。\r\n4、军人之职，守土为国。无论如何请在座诸位谨记，勿忘国殇，奋发图强，效命沙场，报效国家。\r\n5、父帅刚才不是说了，军人最大的本分和实力，就是这一股子不怕死的气性，可是我看见她，大概就不想死了。\r\n6、十万青年十万军，国难岂待儿孙平——就让这场战事止于你我之辈，留给后代一个太平盛世吧。\r\n7那上面刊登着一幅照片，一个旗袍女子，挽着戎装的将军，美人名将，羡煞旁人。\r\n8、家可破，国，不能亡。','2019-08-30','images/yzs.jpg',4,0,0),(44,'清平调','云想衣裳花想容\r\n春风拂槛露华浓','云想衣裳花想容\r\n春风拂槛露华浓\r\n若非群玉山头见\r\n会向瑶台月下逢\r\n一枝红艳露凝香\r\n云雨巫山枉断肠\r\n借问汉宫谁得似\r\n可怜飞燕倚新妆\r\n名花倾国两相欢\r\n常得君王带笑看\r\n解释春风无限恨\r\n沉香亭北倚阑干\r\n解释春风无限恨\r\n沉香亭北倚阑干\r\n云想衣裳花想容\r\n春风拂槛露华浓\r\n若非群玉山头见\r\n会向瑶台月下逢\r\n一枝红艳露凝香\r\n云雨巫山枉断肠\r\n借问汉宫谁得似\r\n可怜飞燕倚新妆\r\n名花倾国两相欢\r\n常得君王带笑看\r\n解释春风无限恨\r\n沉香亭北倚阑干\r\n解释春风无限恨\r\n沉香亭北倚阑干\r\n解释春风无限恨\r\n沉香亭北倚阑干','2019-08-30','images/lb_0BaUHy3.jpg',2,0,0),(45,'三体','讲述了地球人类文明和三体文明的信息交流、生死搏杀及两个文明在宇宙中的兴衰历程。其第一部经过刘宇昆翻译后获得了第73届雨果奖最佳长篇小说奖。','文化大革命如火如荼地进行，天文学家叶文洁在期间历经劫难，被带到军方绝秘计划“红岸工程”。叶文洁以太阳为天线，向宇宙发出地球文明的第一声啼鸣，取得了探寻外星文明的突破性进展。三颗无规则运行的太阳主导下，四光年外的“三体文明”百余次毁灭与重生，正被逼迫不得不逃离母星，而恰在此时，他们接收到了地球发来的信息。对人性绝望的叶文洁向三体人暴露了地球的坐标，彻底改变了人类的命运。\r\n地球的基础科学出现了异常的扰动，纳米科学家汪淼进入神秘的网络游戏《三体》，开始逐步逼近这个世界的真相。汪淼参加一次玩家聚会时，接触到了地球上应对三体人到来而形成的一个秘密组织（ETO）。地球防卫组织中国区作战中心通过“古筝计划”，一定程度上挫败了拯救派和降临派扰乱人类科学界和其他领域思想的图谋，获悉处于困境之中的三体人为了得到一个能够稳定生存的世界决定入侵地球。\r\n在运用超技术锁死地球人的基础科学之后，庞大的三体舰队开始向地球进发，人类的末日悄然来临。','2019-08-30','images/st.jpg',3,0,0),(46,'亦筝笙','故事背景是民国时期，讲述了男女主角相遇在朔方战火、烽烟乱世之中，携手白头的故事。','1 、握紧刺刀的时候，他最后看了一眼天边，那天幕被血与火的红和浓烟的黑层层遮蔽，寻不到半分蓝意。　不期然地又想到了那一幅画，蔚蓝的天空下，他抱着那个小小的女孩儿，而她，微笑着挽着他的手。\r\n原谅我，亦笙，我错过了靖靖的出生，大概，又要再错过她的成长了。\r\n原谅我，亦笙，这一世，不能再陪你走下去。\r\n原谅我，亦笙，明知这乱世维艰，却还是想让你好好活着，代替我的眼睛，看着日本人被赶出中国，看我泱泱中华，终有一日，扬威国际。\r\n原谅我，亦笙，有一句话，我一直知道它的意思，却从没有对你说过。　Jetaime，亦笙，我爱你。\r\n2、为国效命，虽死之日，犹生之年，开始战斗吧！\r\n3、太平本是将军定，不许将军见太平。\r\n4、军人之职，守土为国。无论如何请在座诸位谨记，勿忘国殇，奋发图强，效命沙场，报效国家。\r\n5、父帅刚才不是说了，军人最大的本分和实力，就是这一股子不怕死的气性，可是我看见她，大概就不想死了。\r\n6、十万青年十万军，国难岂待儿孙平——就让这场战事止于你我之辈，留给后代一个太平盛世吧。\r\n7那上面刊登着一幅照片，一个旗袍女子，挽着戎装的将军，美人名将，羡煞旁人。\r\n8、家可破，国，不能亡。','2019-08-30','images/yzs.jpg',4,0,0),(47,'清平调','云想衣裳花想容\r\n春风拂槛露华浓','云想衣裳花想容\r\n春风拂槛露华浓\r\n若非群玉山头见\r\n会向瑶台月下逢\r\n一枝红艳露凝香\r\n云雨巫山枉断肠\r\n借问汉宫谁得似\r\n可怜飞燕倚新妆\r\n名花倾国两相欢\r\n常得君王带笑看\r\n解释春风无限恨\r\n沉香亭北倚阑干\r\n解释春风无限恨\r\n沉香亭北倚阑干\r\n云想衣裳花想容\r\n春风拂槛露华浓\r\n若非群玉山头见\r\n会向瑶台月下逢\r\n一枝红艳露凝香\r\n云雨巫山枉断肠\r\n借问汉宫谁得似\r\n可怜飞燕倚新妆\r\n名花倾国两相欢\r\n常得君王带笑看\r\n解释春风无限恨\r\n沉香亭北倚阑干\r\n解释春风无限恨\r\n沉香亭北倚阑干\r\n解释春风无限恨\r\n沉香亭北倚阑干','2019-08-30','images/lb_0BaUHy3.jpg',2,0,0),(48,'三体','讲述了地球人类文明和三体文明的信息交流、生死搏杀及两个文明在宇宙中的兴衰历程。其第一部经过刘宇昆翻译后获得了第73届雨果奖最佳长篇小说奖。','文化大革命如火如荼地进行，天文学家叶文洁在期间历经劫难，被带到军方绝秘计划“红岸工程”。叶文洁以太阳为天线，向宇宙发出地球文明的第一声啼鸣，取得了探寻外星文明的突破性进展。三颗无规则运行的太阳主导下，四光年外的“三体文明”百余次毁灭与重生，正被逼迫不得不逃离母星，而恰在此时，他们接收到了地球发来的信息。对人性绝望的叶文洁向三体人暴露了地球的坐标，彻底改变了人类的命运。\r\n地球的基础科学出现了异常的扰动，纳米科学家汪淼进入神秘的网络游戏《三体》，开始逐步逼近这个世界的真相。汪淼参加一次玩家聚会时，接触到了地球上应对三体人到来而形成的一个秘密组织（ETO）。地球防卫组织中国区作战中心通过“古筝计划”，一定程度上挫败了拯救派和降临派扰乱人类科学界和其他领域思想的图谋，获悉处于困境之中的三体人为了得到一个能够稳定生存的世界决定入侵地球。\r\n在运用超技术锁死地球人的基础科学之后，庞大的三体舰队开始向地球进发，人类的末日悄然来临。','2019-08-30','images/st.jpg',3,0,0),(49,'亦筝笙','故事背景是民国时期，讲述了男女主角相遇在朔方战火、烽烟乱世之中，携手白头的故事。','1 、握紧刺刀的时候，他最后看了一眼天边，那天幕被血与火的红和浓烟的黑层层遮蔽，寻不到半分蓝意。　不期然地又想到了那一幅画，蔚蓝的天空下，他抱着那个小小的女孩儿，而她，微笑着挽着他的手。\r\n原谅我，亦笙，我错过了靖靖的出生，大概，又要再错过她的成长了。\r\n原谅我，亦笙，这一世，不能再陪你走下去。\r\n原谅我，亦笙，明知这乱世维艰，却还是想让你好好活着，代替我的眼睛，看着日本人被赶出中国，看我泱泱中华，终有一日，扬威国际。\r\n原谅我，亦笙，有一句话，我一直知道它的意思，却从没有对你说过。　Jetaime，亦笙，我爱你。\r\n2、为国效命，虽死之日，犹生之年，开始战斗吧！\r\n3、太平本是将军定，不许将军见太平。\r\n4、军人之职，守土为国。无论如何请在座诸位谨记，勿忘国殇，奋发图强，效命沙场，报效国家。\r\n5、父帅刚才不是说了，军人最大的本分和实力，就是这一股子不怕死的气性，可是我看见她，大概就不想死了。\r\n6、十万青年十万军，国难岂待儿孙平——就让这场战事止于你我之辈，留给后代一个太平盛世吧。\r\n7那上面刊登着一幅照片，一个旗袍女子，挽着戎装的将军，美人名将，羡煞旁人。\r\n8、家可破，国，不能亡。','2019-08-30','images/yzs.jpg',4,0,0),(50,'清平调','云想衣裳花想容\r\n春风拂槛露华浓','云想衣裳花想容\r\n春风拂槛露华浓\r\n若非群玉山头见\r\n会向瑶台月下逢\r\n一枝红艳露凝香\r\n云雨巫山枉断肠\r\n借问汉宫谁得似\r\n可怜飞燕倚新妆\r\n名花倾国两相欢\r\n常得君王带笑看\r\n解释春风无限恨\r\n沉香亭北倚阑干\r\n解释春风无限恨\r\n沉香亭北倚阑干\r\n云想衣裳花想容\r\n春风拂槛露华浓\r\n若非群玉山头见\r\n会向瑶台月下逢\r\n一枝红艳露凝香\r\n云雨巫山枉断肠\r\n借问汉宫谁得似\r\n可怜飞燕倚新妆\r\n名花倾国两相欢\r\n常得君王带笑看\r\n解释春风无限恨\r\n沉香亭北倚阑干\r\n解释春风无限恨\r\n沉香亭北倚阑干\r\n解释春风无限恨\r\n沉香亭北倚阑干','2019-08-28','images/lb_0BaUHy3.jpg',2,0,0),(51,'三体','讲述了地球人类文明和三体文明的信息交流、生死搏杀及两个文明在宇宙中的兴衰历程。其第一部经过刘宇昆翻译后获得了第73届雨果奖最佳长篇小说奖。','文化大革命如火如荼地进行，天文学家叶文洁在期间历经劫难，被带到军方绝秘计划“红岸工程”。叶文洁以太阳为天线，向宇宙发出地球文明的第一声啼鸣，取得了探寻外星文明的突破性进展。三颗无规则运行的太阳主导下，四光年外的“三体文明”百余次毁灭与重生，正被逼迫不得不逃离母星，而恰在此时，他们接收到了地球发来的信息。对人性绝望的叶文洁向三体人暴露了地球的坐标，彻底改变了人类的命运。\r\n地球的基础科学出现了异常的扰动，纳米科学家汪淼进入神秘的网络游戏《三体》，开始逐步逼近这个世界的真相。汪淼参加一次玩家聚会时，接触到了地球上应对三体人到来而形成的一个秘密组织（ETO）。地球防卫组织中国区作战中心通过“古筝计划”，一定程度上挫败了拯救派和降临派扰乱人类科学界和其他领域思想的图谋，获悉处于困境之中的三体人为了得到一个能够稳定生存的世界决定入侵地球。\r\n在运用超技术锁死地球人的基础科学之后，庞大的三体舰队开始向地球进发，人类的末日悄然来临。','2019-08-30','images/st.jpg',3,0,0),(52,'亦筝笙','故事背景是民国时期，讲述了男女主角相遇在朔方战火、烽烟乱世之中，携手白头的故事。','1 、握紧刺刀的时候，他最后看了一眼天边，那天幕被血与火的红和浓烟的黑层层遮蔽，寻不到半分蓝意。　不期然地又想到了那一幅画，蔚蓝的天空下，他抱着那个小小的女孩儿，而她，微笑着挽着他的手。\r\n原谅我，亦笙，我错过了靖靖的出生，大概，又要再错过她的成长了。\r\n原谅我，亦笙，这一世，不能再陪你走下去。\r\n原谅我，亦笙，明知这乱世维艰，却还是想让你好好活着，代替我的眼睛，看着日本人被赶出中国，看我泱泱中华，终有一日，扬威国际。\r\n原谅我，亦笙，有一句话，我一直知道它的意思，却从没有对你说过。　Jetaime，亦笙，我爱你。\r\n2、为国效命，虽死之日，犹生之年，开始战斗吧！\r\n3、太平本是将军定，不许将军见太平。\r\n4、军人之职，守土为国。无论如何请在座诸位谨记，勿忘国殇，奋发图强，效命沙场，报效国家。\r\n5、父帅刚才不是说了，军人最大的本分和实力，就是这一股子不怕死的气性，可是我看见她，大概就不想死了。\r\n6、十万青年十万军，国难岂待儿孙平——就让这场战事止于你我之辈，留给后代一个太平盛世吧。\r\n7那上面刊登着一幅照片，一个旗袍女子，挽着戎装的将军，美人名将，羡煞旁人。\r\n8、家可破，国，不能亡。','2019-08-30','images/yzs.jpg',4,0,0),(60,'清平调','云想衣裳花想容\r\n春风拂槛露华浓','云想衣裳花想容\r\n春风拂槛露华浓\r\n若非群玉山头见\r\n会向瑶台月下逢\r\n一枝红艳露凝香\r\n云雨巫山枉断肠\r\n借问汉宫谁得似\r\n可怜飞燕倚新妆\r\n名花倾国两相欢\r\n常得君王带笑看\r\n解释春风无限恨\r\n沉香亭北倚阑干\r\n解释春风无限恨\r\n沉香亭北倚阑干\r\n云想衣裳花想容\r\n春风拂槛露华浓\r\n若非群玉山头见\r\n会向瑶台月下逢\r\n一枝红艳露凝香\r\n云雨巫山枉断肠\r\n借问汉宫谁得似\r\n可怜飞燕倚新妆\r\n名花倾国两相欢\r\n常得君王带笑看\r\n解释春风无限恨\r\n沉香亭北倚阑干\r\n解释春风无限恨\r\n沉香亭北倚阑干\r\n解释春风无限恨\r\n沉香亭北倚阑干','2019-08-30','images/lb_0BaUHy3.jpg',2,0,0),(61,'三体','讲述了地球人类文明和三体文明的信息交流、生死搏杀及两个文明在宇宙中的兴衰历程。其第一部经过刘宇昆翻译后获得了第73届雨果奖最佳长篇小说奖。','文化大革命如火如荼地进行，天文学家叶文洁在期间历经劫难，被带到军方绝秘计划“红岸工程”。叶文洁以太阳为天线，向宇宙发出地球文明的第一声啼鸣，取得了探寻外星文明的突破性进展。三颗无规则运行的太阳主导下，四光年外的“三体文明”百余次毁灭与重生，正被逼迫不得不逃离母星，而恰在此时，他们接收到了地球发来的信息。对人性绝望的叶文洁向三体人暴露了地球的坐标，彻底改变了人类的命运。\r\n地球的基础科学出现了异常的扰动，纳米科学家汪淼进入神秘的网络游戏《三体》，开始逐步逼近这个世界的真相。汪淼参加一次玩家聚会时，接触到了地球上应对三体人到来而形成的一个秘密组织（ETO）。地球防卫组织中国区作战中心通过“古筝计划”，一定程度上挫败了拯救派和降临派扰乱人类科学界和其他领域思想的图谋，获悉处于困境之中的三体人为了得到一个能够稳定生存的世界决定入侵地球。\r\n在运用超技术锁死地球人的基础科学之后，庞大的三体舰队开始向地球进发，人类的末日悄然来临。','2019-08-30','images/st.jpg',3,0,0),(62,'亦筝笙','故事背景是民国时期，讲述了男女主角相遇在朔方战火、烽烟乱世之中，携手白头的故事。','1 、握紧刺刀的时候，他最后看了一眼天边，那天幕被血与火的红和浓烟的黑层层遮蔽，寻不到半分蓝意。　不期然地又想到了那一幅画，蔚蓝的天空下，他抱着那个小小的女孩儿，而她，微笑着挽着他的手。\r\n原谅我，亦笙，我错过了靖靖的出生，大概，又要再错过她的成长了。\r\n原谅我，亦笙，这一世，不能再陪你走下去。\r\n原谅我，亦笙，明知这乱世维艰，却还是想让你好好活着，代替我的眼睛，看着日本人被赶出中国，看我泱泱中华，终有一日，扬威国际。\r\n原谅我，亦笙，有一句话，我一直知道它的意思，却从没有对你说过。　Jetaime，亦笙，我爱你。\r\n2、为国效命，虽死之日，犹生之年，开始战斗吧！\r\n3、太平本是将军定，不许将军见太平。\r\n4、军人之职，守土为国。无论如何请在座诸位谨记，勿忘国殇，奋发图强，效命沙场，报效国家。\r\n5、父帅刚才不是说了，军人最大的本分和实力，就是这一股子不怕死的气性，可是我看见她，大概就不想死了。\r\n6、十万青年十万军，国难岂待儿孙平——就让这场战事止于你我之辈，留给后代一个太平盛世吧。\r\n7那上面刊登着一幅照片，一个旗袍女子，挽着戎装的将军，美人名将，羡煞旁人。\r\n8、家可破，国，不能亡。','2019-08-30','images/yzs.jpg',4,0,0),(63,'清平调','云想衣裳花想容\r\n春风拂槛露华浓','云想衣裳花想容\r\n春风拂槛露华浓\r\n若非群玉山头见\r\n会向瑶台月下逢\r\n一枝红艳露凝香\r\n云雨巫山枉断肠\r\n借问汉宫谁得似\r\n可怜飞燕倚新妆\r\n名花倾国两相欢\r\n常得君王带笑看\r\n解释春风无限恨\r\n沉香亭北倚阑干\r\n解释春风无限恨\r\n沉香亭北倚阑干\r\n云想衣裳花想容\r\n春风拂槛露华浓\r\n若非群玉山头见\r\n会向瑶台月下逢\r\n一枝红艳露凝香\r\n云雨巫山枉断肠\r\n借问汉宫谁得似\r\n可怜飞燕倚新妆\r\n名花倾国两相欢\r\n常得君王带笑看\r\n解释春风无限恨\r\n沉香亭北倚阑干\r\n解释春风无限恨\r\n沉香亭北倚阑干\r\n解释春风无限恨\r\n沉香亭北倚阑干','2019-08-30','images/lb_0BaUHy3.jpg',2,0,0),(64,'三体','讲述了地球人类文明和三体文明的信息交流、生死搏杀及两个文明在宇宙中的兴衰历程。其第一部经过刘宇昆翻译后获得了第73届雨果奖最佳长篇小说奖。','文化大革命如火如荼地进行，天文学家叶文洁在期间历经劫难，被带到军方绝秘计划“红岸工程”。叶文洁以太阳为天线，向宇宙发出地球文明的第一声啼鸣，取得了探寻外星文明的突破性进展。三颗无规则运行的太阳主导下，四光年外的“三体文明”百余次毁灭与重生，正被逼迫不得不逃离母星，而恰在此时，他们接收到了地球发来的信息。对人性绝望的叶文洁向三体人暴露了地球的坐标，彻底改变了人类的命运。\r\n地球的基础科学出现了异常的扰动，纳米科学家汪淼进入神秘的网络游戏《三体》，开始逐步逼近这个世界的真相。汪淼参加一次玩家聚会时，接触到了地球上应对三体人到来而形成的一个秘密组织（ETO）。地球防卫组织中国区作战中心通过“古筝计划”，一定程度上挫败了拯救派和降临派扰乱人类科学界和其他领域思想的图谋，获悉处于困境之中的三体人为了得到一个能够稳定生存的世界决定入侵地球。\r\n在运用超技术锁死地球人的基础科学之后，庞大的三体舰队开始向地球进发，人类的末日悄然来临。','2019-08-30','images/st.jpg',3,0,0),(65,'亦筝笙','故事背景是民国时期，讲述了男女主角相遇在朔方战火、烽烟乱世之中，携手白头的故事。','1 、握紧刺刀的时候，他最后看了一眼天边，那天幕被血与火的红和浓烟的黑层层遮蔽，寻不到半分蓝意。　不期然地又想到了那一幅画，蔚蓝的天空下，他抱着那个小小的女孩儿，而她，微笑着挽着他的手。\r\n原谅我，亦笙，我错过了靖靖的出生，大概，又要再错过她的成长了。\r\n原谅我，亦笙，这一世，不能再陪你走下去。\r\n原谅我，亦笙，明知这乱世维艰，却还是想让你好好活着，代替我的眼睛，看着日本人被赶出中国，看我泱泱中华，终有一日，扬威国际。\r\n原谅我，亦笙，有一句话，我一直知道它的意思，却从没有对你说过。　Jetaime，亦笙，我爱你。\r\n2、为国效命，虽死之日，犹生之年，开始战斗吧！\r\n3、太平本是将军定，不许将军见太平。\r\n4、军人之职，守土为国。无论如何请在座诸位谨记，勿忘国殇，奋发图强，效命沙场，报效国家。\r\n5、父帅刚才不是说了，军人最大的本分和实力，就是这一股子不怕死的气性，可是我看见她，大概就不想死了。\r\n6、十万青年十万军，国难岂待儿孙平——就让这场战事止于你我之辈，留给后代一个太平盛世吧。\r\n7那上面刊登着一幅照片，一个旗袍女子，挽着戎装的将军，美人名将，羡煞旁人。\r\n8、家可破，国，不能亡。','2019-08-30','images/yzs.jpg',4,0,0),(66,'清平调','云想衣裳花想容\r\n春风拂槛露华浓','云想衣裳花想容\r\n春风拂槛露华浓\r\n若非群玉山头见\r\n会向瑶台月下逢\r\n一枝红艳露凝香\r\n云雨巫山枉断肠\r\n借问汉宫谁得似\r\n可怜飞燕倚新妆\r\n名花倾国两相欢\r\n常得君王带笑看\r\n解释春风无限恨\r\n沉香亭北倚阑干\r\n解释春风无限恨\r\n沉香亭北倚阑干\r\n云想衣裳花想容\r\n春风拂槛露华浓\r\n若非群玉山头见\r\n会向瑶台月下逢\r\n一枝红艳露凝香\r\n云雨巫山枉断肠\r\n借问汉宫谁得似\r\n可怜飞燕倚新妆\r\n名花倾国两相欢\r\n常得君王带笑看\r\n解释春风无限恨\r\n沉香亭北倚阑干\r\n解释春风无限恨\r\n沉香亭北倚阑干\r\n解释春风无限恨\r\n沉香亭北倚阑干','2019-08-30','images/lb_0BaUHy3.jpg',2,0,0),(67,'三体','讲述了地球人类文明和三体文明的信息交流、生死搏杀及两个文明在宇宙中的兴衰历程。其第一部经过刘宇昆翻译后获得了第73届雨果奖最佳长篇小说奖。','文化大革命如火如荼地进行，天文学家叶文洁在期间历经劫难，被带到军方绝秘计划“红岸工程”。叶文洁以太阳为天线，向宇宙发出地球文明的第一声啼鸣，取得了探寻外星文明的突破性进展。三颗无规则运行的太阳主导下，四光年外的“三体文明”百余次毁灭与重生，正被逼迫不得不逃离母星，而恰在此时，他们接收到了地球发来的信息。对人性绝望的叶文洁向三体人暴露了地球的坐标，彻底改变了人类的命运。\r\n地球的基础科学出现了异常的扰动，纳米科学家汪淼进入神秘的网络游戏《三体》，开始逐步逼近这个世界的真相。汪淼参加一次玩家聚会时，接触到了地球上应对三体人到来而形成的一个秘密组织（ETO）。地球防卫组织中国区作战中心通过“古筝计划”，一定程度上挫败了拯救派和降临派扰乱人类科学界和其他领域思想的图谋，获悉处于困境之中的三体人为了得到一个能够稳定生存的世界决定入侵地球。\r\n在运用超技术锁死地球人的基础科学之后，庞大的三体舰队开始向地球进发，人类的末日悄然来临。','2019-08-30','images/st.jpg',3,0,0),(68,'亦筝笙','故事背景是民国时期，讲述了男女主角相遇在朔方战火、烽烟乱世之中，携手白头的故事。','1 、握紧刺刀的时候，他最后看了一眼天边，那天幕被血与火的红和浓烟的黑层层遮蔽，寻不到半分蓝意。　不期然地又想到了那一幅画，蔚蓝的天空下，他抱着那个小小的女孩儿，而她，微笑着挽着他的手。\r\n原谅我，亦笙，我错过了靖靖的出生，大概，又要再错过她的成长了。\r\n原谅我，亦笙，这一世，不能再陪你走下去。\r\n原谅我，亦笙，明知这乱世维艰，却还是想让你好好活着，代替我的眼睛，看着日本人被赶出中国，看我泱泱中华，终有一日，扬威国际。\r\n原谅我，亦笙，有一句话，我一直知道它的意思，却从没有对你说过。　Jetaime，亦笙，我爱你。\r\n2、为国效命，虽死之日，犹生之年，开始战斗吧！\r\n3、太平本是将军定，不许将军见太平。\r\n4、军人之职，守土为国。无论如何请在座诸位谨记，勿忘国殇，奋发图强，效命沙场，报效国家。\r\n5、父帅刚才不是说了，军人最大的本分和实力，就是这一股子不怕死的气性，可是我看见她，大概就不想死了。\r\n6、十万青年十万军，国难岂待儿孙平——就让这场战事止于你我之辈，留给后代一个太平盛世吧。\r\n7那上面刊登着一幅照片，一个旗袍女子，挽着戎装的将军，美人名将，羡煞旁人。\r\n8、家可破，国，不能亡。','2019-08-30','images/yzs.jpg',4,0,0),(69,'清平调','云想衣裳花想容\r\n春风拂槛露华浓','云想衣裳花想容\r\n春风拂槛露华浓\r\n若非群玉山头见\r\n会向瑶台月下逢\r\n一枝红艳露凝香\r\n云雨巫山枉断肠\r\n借问汉宫谁得似\r\n可怜飞燕倚新妆\r\n名花倾国两相欢\r\n常得君王带笑看\r\n解释春风无限恨\r\n沉香亭北倚阑干\r\n解释春风无限恨\r\n沉香亭北倚阑干\r\n云想衣裳花想容\r\n春风拂槛露华浓\r\n若非群玉山头见\r\n会向瑶台月下逢\r\n一枝红艳露凝香\r\n云雨巫山枉断肠\r\n借问汉宫谁得似\r\n可怜飞燕倚新妆\r\n名花倾国两相欢\r\n常得君王带笑看\r\n解释春风无限恨\r\n沉香亭北倚阑干\r\n解释春风无限恨\r\n沉香亭北倚阑干\r\n解释春风无限恨\r\n沉香亭北倚阑干','2019-08-30','images/lb_0BaUHy3.jpg',2,0,0),(70,'三体','讲述了地球人类文明和三体文明的信息交流、生死搏杀及两个文明在宇宙中的兴衰历程。其第一部经过刘宇昆翻译后获得了第73届雨果奖最佳长篇小说奖。','文化大革命如火如荼地进行，天文学家叶文洁在期间历经劫难，被带到军方绝秘计划“红岸工程”。叶文洁以太阳为天线，向宇宙发出地球文明的第一声啼鸣，取得了探寻外星文明的突破性进展。三颗无规则运行的太阳主导下，四光年外的“三体文明”百余次毁灭与重生，正被逼迫不得不逃离母星，而恰在此时，他们接收到了地球发来的信息。对人性绝望的叶文洁向三体人暴露了地球的坐标，彻底改变了人类的命运。\r\n地球的基础科学出现了异常的扰动，纳米科学家汪淼进入神秘的网络游戏《三体》，开始逐步逼近这个世界的真相。汪淼参加一次玩家聚会时，接触到了地球上应对三体人到来而形成的一个秘密组织（ETO）。地球防卫组织中国区作战中心通过“古筝计划”，一定程度上挫败了拯救派和降临派扰乱人类科学界和其他领域思想的图谋，获悉处于困境之中的三体人为了得到一个能够稳定生存的世界决定入侵地球。\r\n在运用超技术锁死地球人的基础科学之后，庞大的三体舰队开始向地球进发，人类的末日悄然来临。','2019-08-30','images/st.jpg',3,0,0),(71,'亦筝笙','故事背景是民国时期，讲述了男女主角相遇在朔方战火、烽烟乱世之中，携手白头的故事。','1 、握紧刺刀的时候，他最后看了一眼天边，那天幕被血与火的红和浓烟的黑层层遮蔽，寻不到半分蓝意。　不期然地又想到了那一幅画，蔚蓝的天空下，他抱着那个小小的女孩儿，而她，微笑着挽着他的手。\r\n原谅我，亦笙，我错过了靖靖的出生，大概，又要再错过她的成长了。\r\n原谅我，亦笙，这一世，不能再陪你走下去。\r\n原谅我，亦笙，明知这乱世维艰，却还是想让你好好活着，代替我的眼睛，看着日本人被赶出中国，看我泱泱中华，终有一日，扬威国际。\r\n原谅我，亦笙，有一句话，我一直知道它的意思，却从没有对你说过。　Jetaime，亦笙，我爱你。\r\n2、为国效命，虽死之日，犹生之年，开始战斗吧！\r\n3、太平本是将军定，不许将军见太平。\r\n4、军人之职，守土为国。无论如何请在座诸位谨记，勿忘国殇，奋发图强，效命沙场，报效国家。\r\n5、父帅刚才不是说了，军人最大的本分和实力，就是这一股子不怕死的气性，可是我看见她，大概就不想死了。\r\n6、十万青年十万军，国难岂待儿孙平——就让这场战事止于你我之辈，留给后代一个太平盛世吧。\r\n7那上面刊登着一幅照片，一个旗袍女子，挽着戎装的将军，美人名将，羡煞旁人。\r\n8、家可破，国，不能亡。','2019-08-30','images/yzs.jpg',4,0,0),(72,'清平调','云想衣裳花想容\r\n春风拂槛露华浓','云想衣裳花想容\r\n春风拂槛露华浓\r\n若非群玉山头见\r\n会向瑶台月下逢\r\n一枝红艳露凝香\r\n云雨巫山枉断肠\r\n借问汉宫谁得似\r\n可怜飞燕倚新妆\r\n名花倾国两相欢\r\n常得君王带笑看\r\n解释春风无限恨\r\n沉香亭北倚阑干\r\n解释春风无限恨\r\n沉香亭北倚阑干\r\n云想衣裳花想容\r\n春风拂槛露华浓\r\n若非群玉山头见\r\n会向瑶台月下逢\r\n一枝红艳露凝香\r\n云雨巫山枉断肠\r\n借问汉宫谁得似\r\n可怜飞燕倚新妆\r\n名花倾国两相欢\r\n常得君王带笑看\r\n解释春风无限恨\r\n沉香亭北倚阑干\r\n解释春风无限恨\r\n沉香亭北倚阑干\r\n解释春风无限恨\r\n沉香亭北倚阑干','2019-08-30','images/lb_0BaUHy3.jpg',2,0,0),(73,'三体','讲述了地球人类文明和三体文明的信息交流、生死搏杀及两个文明在宇宙中的兴衰历程。其第一部经过刘宇昆翻译后获得了第73届雨果奖最佳长篇小说奖。','文化大革命如火如荼地进行，天文学家叶文洁在期间历经劫难，被带到军方绝秘计划“红岸工程”。叶文洁以太阳为天线，向宇宙发出地球文明的第一声啼鸣，取得了探寻外星文明的突破性进展。三颗无规则运行的太阳主导下，四光年外的“三体文明”百余次毁灭与重生，正被逼迫不得不逃离母星，而恰在此时，他们接收到了地球发来的信息。对人性绝望的叶文洁向三体人暴露了地球的坐标，彻底改变了人类的命运。\r\n地球的基础科学出现了异常的扰动，纳米科学家汪淼进入神秘的网络游戏《三体》，开始逐步逼近这个世界的真相。汪淼参加一次玩家聚会时，接触到了地球上应对三体人到来而形成的一个秘密组织（ETO）。地球防卫组织中国区作战中心通过“古筝计划”，一定程度上挫败了拯救派和降临派扰乱人类科学界和其他领域思想的图谋，获悉处于困境之中的三体人为了得到一个能够稳定生存的世界决定入侵地球。\r\n在运用超技术锁死地球人的基础科学之后，庞大的三体舰队开始向地球进发，人类的末日悄然来临。','2019-08-30','images/st.jpg',3,0,0),(74,'亦筝笙','故事背景是民国时期，讲述了男女主角相遇在朔方战火、烽烟乱世之中，携手白头的故事。','1 、握紧刺刀的时候，他最后看了一眼天边，那天幕被血与火的红和浓烟的黑层层遮蔽，寻不到半分蓝意。　不期然地又想到了那一幅画，蔚蓝的天空下，他抱着那个小小的女孩儿，而她，微笑着挽着他的手。\r\n原谅我，亦笙，我错过了靖靖的出生，大概，又要再错过她的成长了。\r\n原谅我，亦笙，这一世，不能再陪你走下去。\r\n原谅我，亦笙，明知这乱世维艰，却还是想让你好好活着，代替我的眼睛，看着日本人被赶出中国，看我泱泱中华，终有一日，扬威国际。\r\n原谅我，亦笙，有一句话，我一直知道它的意思，却从没有对你说过。　Jetaime，亦笙，我爱你。\r\n2、为国效命，虽死之日，犹生之年，开始战斗吧！\r\n3、太平本是将军定，不许将军见太平。\r\n4、军人之职，守土为国。无论如何请在座诸位谨记，勿忘国殇，奋发图强，效命沙场，报效国家。\r\n5、父帅刚才不是说了，军人最大的本分和实力，就是这一股子不怕死的气性，可是我看见她，大概就不想死了。\r\n6、十万青年十万军，国难岂待儿孙平——就让这场战事止于你我之辈，留给后代一个太平盛世吧。\r\n7那上面刊登着一幅照片，一个旗袍女子，挽着戎装的将军，美人名将，羡煞旁人。\r\n8、家可破，国，不能亡。','2019-08-30','images/yzs.jpg',4,0,0),(75,'清平调','云想衣裳花想容\r\n春风拂槛露华浓','云想衣裳花想容\r\n春风拂槛露华浓\r\n若非群玉山头见\r\n会向瑶台月下逢\r\n一枝红艳露凝香\r\n云雨巫山枉断肠\r\n借问汉宫谁得似\r\n可怜飞燕倚新妆\r\n名花倾国两相欢\r\n常得君王带笑看\r\n解释春风无限恨\r\n沉香亭北倚阑干\r\n解释春风无限恨\r\n沉香亭北倚阑干\r\n云想衣裳花想容\r\n春风拂槛露华浓\r\n若非群玉山头见\r\n会向瑶台月下逢\r\n一枝红艳露凝香\r\n云雨巫山枉断肠\r\n借问汉宫谁得似\r\n可怜飞燕倚新妆\r\n名花倾国两相欢\r\n常得君王带笑看\r\n解释春风无限恨\r\n沉香亭北倚阑干\r\n解释春风无限恨\r\n沉香亭北倚阑干\r\n解释春风无限恨\r\n沉香亭北倚阑干','2019-08-30','images/lb_0BaUHy3.jpg',2,0,0),(76,'三体','讲述了地球人类文明和三体文明的信息交流、生死搏杀及两个文明在宇宙中的兴衰历程。其第一部经过刘宇昆翻译后获得了第73届雨果奖最佳长篇小说奖。','文化大革命如火如荼地进行，天文学家叶文洁在期间历经劫难，被带到军方绝秘计划“红岸工程”。叶文洁以太阳为天线，向宇宙发出地球文明的第一声啼鸣，取得了探寻外星文明的突破性进展。三颗无规则运行的太阳主导下，四光年外的“三体文明”百余次毁灭与重生，正被逼迫不得不逃离母星，而恰在此时，他们接收到了地球发来的信息。对人性绝望的叶文洁向三体人暴露了地球的坐标，彻底改变了人类的命运。\r\n地球的基础科学出现了异常的扰动，纳米科学家汪淼进入神秘的网络游戏《三体》，开始逐步逼近这个世界的真相。汪淼参加一次玩家聚会时，接触到了地球上应对三体人到来而形成的一个秘密组织（ETO）。地球防卫组织中国区作战中心通过“古筝计划”，一定程度上挫败了拯救派和降临派扰乱人类科学界和其他领域思想的图谋，获悉处于困境之中的三体人为了得到一个能够稳定生存的世界决定入侵地球。\r\n在运用超技术锁死地球人的基础科学之后，庞大的三体舰队开始向地球进发，人类的末日悄然来临。','2019-08-30','images/st.jpg',3,0,0),(77,'亦筝笙','故事背景是民国时期，讲述了男女主角相遇在朔方战火、烽烟乱世之中，携手白头的故事。','1 、握紧刺刀的时候，他最后看了一眼天边，那天幕被血与火的红和浓烟的黑层层遮蔽，寻不到半分蓝意。　不期然地又想到了那一幅画，蔚蓝的天空下，他抱着那个小小的女孩儿，而她，微笑着挽着他的手。\r\n原谅我，亦笙，我错过了靖靖的出生，大概，又要再错过她的成长了。\r\n原谅我，亦笙，这一世，不能再陪你走下去。\r\n原谅我，亦笙，明知这乱世维艰，却还是想让你好好活着，代替我的眼睛，看着日本人被赶出中国，看我泱泱中华，终有一日，扬威国际。\r\n原谅我，亦笙，有一句话，我一直知道它的意思，却从没有对你说过。　Jetaime，亦笙，我爱你。\r\n2、为国效命，虽死之日，犹生之年，开始战斗吧！\r\n3、太平本是将军定，不许将军见太平。\r\n4、军人之职，守土为国。无论如何请在座诸位谨记，勿忘国殇，奋发图强，效命沙场，报效国家。\r\n5、父帅刚才不是说了，军人最大的本分和实力，就是这一股子不怕死的气性，可是我看见她，大概就不想死了。\r\n6、十万青年十万军，国难岂待儿孙平——就让这场战事止于你我之辈，留给后代一个太平盛世吧。\r\n7那上面刊登着一幅照片，一个旗袍女子，挽着戎装的将军，美人名将，羡煞旁人。\r\n8、家可破，国，不能亡。','2019-08-30','images/yzs.jpg',4,0,0),(78,'清平调','云想衣裳花想容\r\n春风拂槛露华浓','云想衣裳花想容\r\n春风拂槛露华浓\r\n若非群玉山头见\r\n会向瑶台月下逢\r\n一枝红艳露凝香\r\n云雨巫山枉断肠\r\n借问汉宫谁得似\r\n可怜飞燕倚新妆\r\n名花倾国两相欢\r\n常得君王带笑看\r\n解释春风无限恨\r\n沉香亭北倚阑干\r\n解释春风无限恨\r\n沉香亭北倚阑干\r\n云想衣裳花想容\r\n春风拂槛露华浓\r\n若非群玉山头见\r\n会向瑶台月下逢\r\n一枝红艳露凝香\r\n云雨巫山枉断肠\r\n借问汉宫谁得似\r\n可怜飞燕倚新妆\r\n名花倾国两相欢\r\n常得君王带笑看\r\n解释春风无限恨\r\n沉香亭北倚阑干\r\n解释春风无限恨\r\n沉香亭北倚阑干\r\n解释春风无限恨\r\n沉香亭北倚阑干','2019-08-30','images/lb_0BaUHy3.jpg',2,0,0),(79,'三体','讲述了地球人类文明和三体文明的信息交流、生死搏杀及两个文明在宇宙中的兴衰历程。其第一部经过刘宇昆翻译后获得了第73届雨果奖最佳长篇小说奖。','文化大革命如火如荼地进行，天文学家叶文洁在期间历经劫难，被带到军方绝秘计划“红岸工程”。叶文洁以太阳为天线，向宇宙发出地球文明的第一声啼鸣，取得了探寻外星文明的突破性进展。三颗无规则运行的太阳主导下，四光年外的“三体文明”百余次毁灭与重生，正被逼迫不得不逃离母星，而恰在此时，他们接收到了地球发来的信息。对人性绝望的叶文洁向三体人暴露了地球的坐标，彻底改变了人类的命运。\r\n地球的基础科学出现了异常的扰动，纳米科学家汪淼进入神秘的网络游戏《三体》，开始逐步逼近这个世界的真相。汪淼参加一次玩家聚会时，接触到了地球上应对三体人到来而形成的一个秘密组织（ETO）。地球防卫组织中国区作战中心通过“古筝计划”，一定程度上挫败了拯救派和降临派扰乱人类科学界和其他领域思想的图谋，获悉处于困境之中的三体人为了得到一个能够稳定生存的世界决定入侵地球。\r\n在运用超技术锁死地球人的基础科学之后，庞大的三体舰队开始向地球进发，人类的末日悄然来临。','2019-08-30','images/st.jpg',3,0,0),(80,'亦筝笙','故事背景是民国时期，讲述了男女主角相遇在朔方战火、烽烟乱世之中，携手白头的故事。','1 、握紧刺刀的时候，他最后看了一眼天边，那天幕被血与火的红和浓烟的黑层层遮蔽，寻不到半分蓝意。　不期然地又想到了那一幅画，蔚蓝的天空下，他抱着那个小小的女孩儿，而她，微笑着挽着他的手。\r\n原谅我，亦笙，我错过了靖靖的出生，大概，又要再错过她的成长了。\r\n原谅我，亦笙，这一世，不能再陪你走下去。\r\n原谅我，亦笙，明知这乱世维艰，却还是想让你好好活着，代替我的眼睛，看着日本人被赶出中国，看我泱泱中华，终有一日，扬威国际。\r\n原谅我，亦笙，有一句话，我一直知道它的意思，却从没有对你说过。　Jetaime，亦笙，我爱你。\r\n2、为国效命，虽死之日，犹生之年，开始战斗吧！\r\n3、太平本是将军定，不许将军见太平。\r\n4、军人之职，守土为国。无论如何请在座诸位谨记，勿忘国殇，奋发图强，效命沙场，报效国家。\r\n5、父帅刚才不是说了，军人最大的本分和实力，就是这一股子不怕死的气性，可是我看见她，大概就不想死了。\r\n6、十万青年十万军，国难岂待儿孙平——就让这场战事止于你我之辈，留给后代一个太平盛世吧。\r\n7那上面刊登着一幅照片，一个旗袍女子，挽着戎装的将军，美人名将，羡煞旁人。\r\n8、家可破，国，不能亡。','2019-08-30','images/yzs.jpg',4,0,0),(81,'清平调','云想衣裳花想容\r\n春风拂槛露华浓','云想衣裳花想容\r\n春风拂槛露华浓\r\n若非群玉山头见\r\n会向瑶台月下逢\r\n一枝红艳露凝香\r\n云雨巫山枉断肠\r\n借问汉宫谁得似\r\n可怜飞燕倚新妆\r\n名花倾国两相欢\r\n常得君王带笑看\r\n解释春风无限恨\r\n沉香亭北倚阑干\r\n解释春风无限恨\r\n沉香亭北倚阑干\r\n云想衣裳花想容\r\n春风拂槛露华浓\r\n若非群玉山头见\r\n会向瑶台月下逢\r\n一枝红艳露凝香\r\n云雨巫山枉断肠\r\n借问汉宫谁得似\r\n可怜飞燕倚新妆\r\n名花倾国两相欢\r\n常得君王带笑看\r\n解释春风无限恨\r\n沉香亭北倚阑干\r\n解释春风无限恨\r\n沉香亭北倚阑干\r\n解释春风无限恨\r\n沉香亭北倚阑干','2019-08-30','images/lb_0BaUHy3.jpg',2,0,0),(82,'三体','讲述了地球人类文明和三体文明的信息交流、生死搏杀及两个文明在宇宙中的兴衰历程。其第一部经过刘宇昆翻译后获得了第73届雨果奖最佳长篇小说奖。','文化大革命如火如荼地进行，天文学家叶文洁在期间历经劫难，被带到军方绝秘计划“红岸工程”。叶文洁以太阳为天线，向宇宙发出地球文明的第一声啼鸣，取得了探寻外星文明的突破性进展。三颗无规则运行的太阳主导下，四光年外的“三体文明”百余次毁灭与重生，正被逼迫不得不逃离母星，而恰在此时，他们接收到了地球发来的信息。对人性绝望的叶文洁向三体人暴露了地球的坐标，彻底改变了人类的命运。\r\n地球的基础科学出现了异常的扰动，纳米科学家汪淼进入神秘的网络游戏《三体》，开始逐步逼近这个世界的真相。汪淼参加一次玩家聚会时，接触到了地球上应对三体人到来而形成的一个秘密组织（ETO）。地球防卫组织中国区作战中心通过“古筝计划”，一定程度上挫败了拯救派和降临派扰乱人类科学界和其他领域思想的图谋，获悉处于困境之中的三体人为了得到一个能够稳定生存的世界决定入侵地球。\r\n在运用超技术锁死地球人的基础科学之后，庞大的三体舰队开始向地球进发，人类的末日悄然来临。','2019-08-30','images/st.jpg',3,0,0),(83,'亦筝笙','故事背景是民国时期，讲述了男女主角相遇在朔方战火、烽烟乱世之中，携手白头的故事。','1 、握紧刺刀的时候，他最后看了一眼天边，那天幕被血与火的红和浓烟的黑层层遮蔽，寻不到半分蓝意。　不期然地又想到了那一幅画，蔚蓝的天空下，他抱着那个小小的女孩儿，而她，微笑着挽着他的手。\r\n原谅我，亦笙，我错过了靖靖的出生，大概，又要再错过她的成长了。\r\n原谅我，亦笙，这一世，不能再陪你走下去。\r\n原谅我，亦笙，明知这乱世维艰，却还是想让你好好活着，代替我的眼睛，看着日本人被赶出中国，看我泱泱中华，终有一日，扬威国际。\r\n原谅我，亦笙，有一句话，我一直知道它的意思，却从没有对你说过。　Jetaime，亦笙，我爱你。\r\n2、为国效命，虽死之日，犹生之年，开始战斗吧！\r\n3、太平本是将军定，不许将军见太平。\r\n4、军人之职，守土为国。无论如何请在座诸位谨记，勿忘国殇，奋发图强，效命沙场，报效国家。\r\n5、父帅刚才不是说了，军人最大的本分和实力，就是这一股子不怕死的气性，可是我看见她，大概就不想死了。\r\n6、十万青年十万军，国难岂待儿孙平——就让这场战事止于你我之辈，留给后代一个太平盛世吧。\r\n7那上面刊登着一幅照片，一个旗袍女子，挽着戎装的将军，美人名将，羡煞旁人。\r\n8、家可破，国，不能亡。','2019-08-30','images/yzs.jpg',4,0,0),(84,'清平调','云想衣裳花想容\r\n春风拂槛露华浓','云想衣裳花想容\r\n春风拂槛露华浓\r\n若非群玉山头见\r\n会向瑶台月下逢\r\n一枝红艳露凝香\r\n云雨巫山枉断肠\r\n借问汉宫谁得似\r\n可怜飞燕倚新妆\r\n名花倾国两相欢\r\n常得君王带笑看\r\n解释春风无限恨\r\n沉香亭北倚阑干\r\n解释春风无限恨\r\n沉香亭北倚阑干\r\n云想衣裳花想容\r\n春风拂槛露华浓\r\n若非群玉山头见\r\n会向瑶台月下逢\r\n一枝红艳露凝香\r\n云雨巫山枉断肠\r\n借问汉宫谁得似\r\n可怜飞燕倚新妆\r\n名花倾国两相欢\r\n常得君王带笑看\r\n解释春风无限恨\r\n沉香亭北倚阑干\r\n解释春风无限恨\r\n沉香亭北倚阑干\r\n解释春风无限恨\r\n沉香亭北倚阑干','2019-08-30','images/lb_0BaUHy3.jpg',2,0,0),(85,'三体','讲述了地球人类文明和三体文明的信息交流、生死搏杀及两个文明在宇宙中的兴衰历程。其第一部经过刘宇昆翻译后获得了第73届雨果奖最佳长篇小说奖。','文化大革命如火如荼地进行，天文学家叶文洁在期间历经劫难，被带到军方绝秘计划“红岸工程”。叶文洁以太阳为天线，向宇宙发出地球文明的第一声啼鸣，取得了探寻外星文明的突破性进展。三颗无规则运行的太阳主导下，四光年外的“三体文明”百余次毁灭与重生，正被逼迫不得不逃离母星，而恰在此时，他们接收到了地球发来的信息。对人性绝望的叶文洁向三体人暴露了地球的坐标，彻底改变了人类的命运。\r\n地球的基础科学出现了异常的扰动，纳米科学家汪淼进入神秘的网络游戏《三体》，开始逐步逼近这个世界的真相。汪淼参加一次玩家聚会时，接触到了地球上应对三体人到来而形成的一个秘密组织（ETO）。地球防卫组织中国区作战中心通过“古筝计划”，一定程度上挫败了拯救派和降临派扰乱人类科学界和其他领域思想的图谋，获悉处于困境之中的三体人为了得到一个能够稳定生存的世界决定入侵地球。\r\n在运用超技术锁死地球人的基础科学之后，庞大的三体舰队开始向地球进发，人类的末日悄然来临。','2019-08-30','images/st.jpg',3,0,0),(86,'亦筝笙','故事背景是民国时期，讲述了男女主角相遇在朔方战火、烽烟乱世之中，携手白头的故事。','1 、握紧刺刀的时候，他最后看了一眼天边，那天幕被血与火的红和浓烟的黑层层遮蔽，寻不到半分蓝意。　不期然地又想到了那一幅画，蔚蓝的天空下，他抱着那个小小的女孩儿，而她，微笑着挽着他的手。\r\n原谅我，亦笙，我错过了靖靖的出生，大概，又要再错过她的成长了。\r\n原谅我，亦笙，这一世，不能再陪你走下去。\r\n原谅我，亦笙，明知这乱世维艰，却还是想让你好好活着，代替我的眼睛，看着日本人被赶出中国，看我泱泱中华，终有一日，扬威国际。\r\n原谅我，亦笙，有一句话，我一直知道它的意思，却从没有对你说过。　Jetaime，亦笙，我爱你。\r\n2、为国效命，虽死之日，犹生之年，开始战斗吧！\r\n3、太平本是将军定，不许将军见太平。\r\n4、军人之职，守土为国。无论如何请在座诸位谨记，勿忘国殇，奋发图强，效命沙场，报效国家。\r\n5、父帅刚才不是说了，军人最大的本分和实力，就是这一股子不怕死的气性，可是我看见她，大概就不想死了。\r\n6、十万青年十万军，国难岂待儿孙平——就让这场战事止于你我之辈，留给后代一个太平盛世吧。\r\n7那上面刊登着一幅照片，一个旗袍女子，挽着戎装的将军，美人名将，羡煞旁人。\r\n8、家可破，国，不能亡。','2019-08-30','images/yzs.jpg',4,0,0),(87,'清平调','云想衣裳花想容\r\n春风拂槛露华浓','云想衣裳花想容\r\n春风拂槛露华浓\r\n若非群玉山头见\r\n会向瑶台月下逢\r\n一枝红艳露凝香\r\n云雨巫山枉断肠\r\n借问汉宫谁得似\r\n可怜飞燕倚新妆\r\n名花倾国两相欢\r\n常得君王带笑看\r\n解释春风无限恨\r\n沉香亭北倚阑干\r\n解释春风无限恨\r\n沉香亭北倚阑干\r\n云想衣裳花想容\r\n春风拂槛露华浓\r\n若非群玉山头见\r\n会向瑶台月下逢\r\n一枝红艳露凝香\r\n云雨巫山枉断肠\r\n借问汉宫谁得似\r\n可怜飞燕倚新妆\r\n名花倾国两相欢\r\n常得君王带笑看\r\n解释春风无限恨\r\n沉香亭北倚阑干\r\n解释春风无限恨\r\n沉香亭北倚阑干\r\n解释春风无限恨\r\n沉香亭北倚阑干','2019-08-30','images/lb_0BaUHy3.jpg',2,0,0),(88,'三体','讲述了地球人类文明和三体文明的信息交流、生死搏杀及两个文明在宇宙中的兴衰历程。其第一部经过刘宇昆翻译后获得了第73届雨果奖最佳长篇小说奖。','文化大革命如火如荼地进行，天文学家叶文洁在期间历经劫难，被带到军方绝秘计划“红岸工程”。叶文洁以太阳为天线，向宇宙发出地球文明的第一声啼鸣，取得了探寻外星文明的突破性进展。三颗无规则运行的太阳主导下，四光年外的“三体文明”百余次毁灭与重生，正被逼迫不得不逃离母星，而恰在此时，他们接收到了地球发来的信息。对人性绝望的叶文洁向三体人暴露了地球的坐标，彻底改变了人类的命运。\r\n地球的基础科学出现了异常的扰动，纳米科学家汪淼进入神秘的网络游戏《三体》，开始逐步逼近这个世界的真相。汪淼参加一次玩家聚会时，接触到了地球上应对三体人到来而形成的一个秘密组织（ETO）。地球防卫组织中国区作战中心通过“古筝计划”，一定程度上挫败了拯救派和降临派扰乱人类科学界和其他领域思想的图谋，获悉处于困境之中的三体人为了得到一个能够稳定生存的世界决定入侵地球。\r\n在运用超技术锁死地球人的基础科学之后，庞大的三体舰队开始向地球进发，人类的末日悄然来临。','2019-08-30','images/st.jpg',3,0,0),(89,'亦筝笙','故事背景是民国时期，讲述了男女主角相遇在朔方战火、烽烟乱世之中，携手白头的故事。','1 、握紧刺刀的时候，他最后看了一眼天边，那天幕被血与火的红和浓烟的黑层层遮蔽，寻不到半分蓝意。　不期然地又想到了那一幅画，蔚蓝的天空下，他抱着那个小小的女孩儿，而她，微笑着挽着他的手。\r\n原谅我，亦笙，我错过了靖靖的出生，大概，又要再错过她的成长了。\r\n原谅我，亦笙，这一世，不能再陪你走下去。\r\n原谅我，亦笙，明知这乱世维艰，却还是想让你好好活着，代替我的眼睛，看着日本人被赶出中国，看我泱泱中华，终有一日，扬威国际。\r\n原谅我，亦笙，有一句话，我一直知道它的意思，却从没有对你说过。　Jetaime，亦笙，我爱你。\r\n2、为国效命，虽死之日，犹生之年，开始战斗吧！\r\n3、太平本是将军定，不许将军见太平。\r\n4、军人之职，守土为国。无论如何请在座诸位谨记，勿忘国殇，奋发图强，效命沙场，报效国家。\r\n5、父帅刚才不是说了，军人最大的本分和实力，就是这一股子不怕死的气性，可是我看见她，大概就不想死了。\r\n6、十万青年十万军，国难岂待儿孙平——就让这场战事止于你我之辈，留给后代一个太平盛世吧。\r\n7那上面刊登着一幅照片，一个旗袍女子，挽着戎装的将军，美人名将，羡煞旁人。\r\n8、家可破，国，不能亡。','2019-08-30','images/yzs.jpg',4,0,0),(90,'清平调','云想衣裳花想容\r\n春风拂槛露华浓','云想衣裳花想容\r\n春风拂槛露华浓\r\n若非群玉山头见\r\n会向瑶台月下逢\r\n一枝红艳露凝香\r\n云雨巫山枉断肠\r\n借问汉宫谁得似\r\n可怜飞燕倚新妆\r\n名花倾国两相欢\r\n常得君王带笑看\r\n解释春风无限恨\r\n沉香亭北倚阑干\r\n解释春风无限恨\r\n沉香亭北倚阑干\r\n云想衣裳花想容\r\n春风拂槛露华浓\r\n若非群玉山头见\r\n会向瑶台月下逢\r\n一枝红艳露凝香\r\n云雨巫山枉断肠\r\n借问汉宫谁得似\r\n可怜飞燕倚新妆\r\n名花倾国两相欢\r\n常得君王带笑看\r\n解释春风无限恨\r\n沉香亭北倚阑干\r\n解释春风无限恨\r\n沉香亭北倚阑干\r\n解释春风无限恨\r\n沉香亭北倚阑干','2019-08-30','images/lb_0BaUHy3.jpg',2,0,0),(91,'三体','讲述了地球人类文明和三体文明的信息交流、生死搏杀及两个文明在宇宙中的兴衰历程。其第一部经过刘宇昆翻译后获得了第73届雨果奖最佳长篇小说奖。','文化大革命如火如荼地进行，天文学家叶文洁在期间历经劫难，被带到军方绝秘计划“红岸工程”。叶文洁以太阳为天线，向宇宙发出地球文明的第一声啼鸣，取得了探寻外星文明的突破性进展。三颗无规则运行的太阳主导下，四光年外的“三体文明”百余次毁灭与重生，正被逼迫不得不逃离母星，而恰在此时，他们接收到了地球发来的信息。对人性绝望的叶文洁向三体人暴露了地球的坐标，彻底改变了人类的命运。\r\n地球的基础科学出现了异常的扰动，纳米科学家汪淼进入神秘的网络游戏《三体》，开始逐步逼近这个世界的真相。汪淼参加一次玩家聚会时，接触到了地球上应对三体人到来而形成的一个秘密组织（ETO）。地球防卫组织中国区作战中心通过“古筝计划”，一定程度上挫败了拯救派和降临派扰乱人类科学界和其他领域思想的图谋，获悉处于困境之中的三体人为了得到一个能够稳定生存的世界决定入侵地球。\r\n在运用超技术锁死地球人的基础科学之后，庞大的三体舰队开始向地球进发，人类的末日悄然来临。','2019-08-30','images/st.jpg',3,0,0),(92,'亦筝笙','故事背景是民国时期，讲述了男女主角相遇在朔方战火、烽烟乱世之中，携手白头的故事。','1 、握紧刺刀的时候，他最后看了一眼天边，那天幕被血与火的红和浓烟的黑层层遮蔽，寻不到半分蓝意。　不期然地又想到了那一幅画，蔚蓝的天空下，他抱着那个小小的女孩儿，而她，微笑着挽着他的手。\r\n原谅我，亦笙，我错过了靖靖的出生，大概，又要再错过她的成长了。\r\n原谅我，亦笙，这一世，不能再陪你走下去。\r\n原谅我，亦笙，明知这乱世维艰，却还是想让你好好活着，代替我的眼睛，看着日本人被赶出中国，看我泱泱中华，终有一日，扬威国际。\r\n原谅我，亦笙，有一句话，我一直知道它的意思，却从没有对你说过。　Jetaime，亦笙，我爱你。\r\n2、为国效命，虽死之日，犹生之年，开始战斗吧！\r\n3、太平本是将军定，不许将军见太平。\r\n4、军人之职，守土为国。无论如何请在座诸位谨记，勿忘国殇，奋发图强，效命沙场，报效国家。\r\n5、父帅刚才不是说了，军人最大的本分和实力，就是这一股子不怕死的气性，可是我看见她，大概就不想死了。\r\n6、十万青年十万军，国难岂待儿孙平——就让这场战事止于你我之辈，留给后代一个太平盛世吧。\r\n7那上面刊登着一幅照片，一个旗袍女子，挽着戎装的将军，美人名将，羡煞旁人。\r\n8、家可破，国，不能亡。','2019-08-30','images/yzs.jpg',4,0,0),(93,'清平调','云想衣裳花想容\r\n春风拂槛露华浓','云想衣裳花想容\r\n春风拂槛露华浓\r\n若非群玉山头见\r\n会向瑶台月下逢\r\n一枝红艳露凝香\r\n云雨巫山枉断肠\r\n借问汉宫谁得似\r\n可怜飞燕倚新妆\r\n名花倾国两相欢\r\n常得君王带笑看\r\n解释春风无限恨\r\n沉香亭北倚阑干\r\n解释春风无限恨\r\n沉香亭北倚阑干\r\n云想衣裳花想容\r\n春风拂槛露华浓\r\n若非群玉山头见\r\n会向瑶台月下逢\r\n一枝红艳露凝香\r\n云雨巫山枉断肠\r\n借问汉宫谁得似\r\n可怜飞燕倚新妆\r\n名花倾国两相欢\r\n常得君王带笑看\r\n解释春风无限恨\r\n沉香亭北倚阑干\r\n解释春风无限恨\r\n沉香亭北倚阑干\r\n解释春风无限恨\r\n沉香亭北倚阑干','2019-08-30','images/lb_0BaUHy3.jpg',2,0,0),(94,'三体','讲述了地球人类文明和三体文明的信息交流、生死搏杀及两个文明在宇宙中的兴衰历程。其第一部经过刘宇昆翻译后获得了第73届雨果奖最佳长篇小说奖。','文化大革命如火如荼地进行，天文学家叶文洁在期间历经劫难，被带到军方绝秘计划“红岸工程”。叶文洁以太阳为天线，向宇宙发出地球文明的第一声啼鸣，取得了探寻外星文明的突破性进展。三颗无规则运行的太阳主导下，四光年外的“三体文明”百余次毁灭与重生，正被逼迫不得不逃离母星，而恰在此时，他们接收到了地球发来的信息。对人性绝望的叶文洁向三体人暴露了地球的坐标，彻底改变了人类的命运。\r\n地球的基础科学出现了异常的扰动，纳米科学家汪淼进入神秘的网络游戏《三体》，开始逐步逼近这个世界的真相。汪淼参加一次玩家聚会时，接触到了地球上应对三体人到来而形成的一个秘密组织（ETO）。地球防卫组织中国区作战中心通过“古筝计划”，一定程度上挫败了拯救派和降临派扰乱人类科学界和其他领域思想的图谋，获悉处于困境之中的三体人为了得到一个能够稳定生存的世界决定入侵地球。\r\n在运用超技术锁死地球人的基础科学之后，庞大的三体舰队开始向地球进发，人类的末日悄然来临。','2019-08-30','images/st.jpg',3,0,0),(95,'亦筝笙','故事背景是民国时期，讲述了男女主角相遇在朔方战火、烽烟乱世之中，携手白头的故事。','1 、握紧刺刀的时候，他最后看了一眼天边，那天幕被血与火的红和浓烟的黑层层遮蔽，寻不到半分蓝意。　不期然地又想到了那一幅画，蔚蓝的天空下，他抱着那个小小的女孩儿，而她，微笑着挽着他的手。\r\n原谅我，亦笙，我错过了靖靖的出生，大概，又要再错过她的成长了。\r\n原谅我，亦笙，这一世，不能再陪你走下去。\r\n原谅我，亦笙，明知这乱世维艰，却还是想让你好好活着，代替我的眼睛，看着日本人被赶出中国，看我泱泱中华，终有一日，扬威国际。\r\n原谅我，亦笙，有一句话，我一直知道它的意思，却从没有对你说过。　Jetaime，亦笙，我爱你。\r\n2、为国效命，虽死之日，犹生之年，开始战斗吧！\r\n3、太平本是将军定，不许将军见太平。\r\n4、军人之职，守土为国。无论如何请在座诸位谨记，勿忘国殇，奋发图强，效命沙场，报效国家。\r\n5、父帅刚才不是说了，军人最大的本分和实力，就是这一股子不怕死的气性，可是我看见她，大概就不想死了。\r\n6、十万青年十万军，国难岂待儿孙平——就让这场战事止于你我之辈，留给后代一个太平盛世吧。\r\n7那上面刊登着一幅照片，一个旗袍女子，挽着戎装的将军，美人名将，羡煞旁人。\r\n8、家可破，国，不能亡。','2019-08-30','images/yzs.jpg',4,0,0),(96,'清平调','云想衣裳花想容\r\n春风拂槛露华浓','云想衣裳花想容\r\n春风拂槛露华浓\r\n若非群玉山头见\r\n会向瑶台月下逢\r\n一枝红艳露凝香\r\n云雨巫山枉断肠\r\n借问汉宫谁得似\r\n可怜飞燕倚新妆\r\n名花倾国两相欢\r\n常得君王带笑看\r\n解释春风无限恨\r\n沉香亭北倚阑干\r\n解释春风无限恨\r\n沉香亭北倚阑干\r\n云想衣裳花想容\r\n春风拂槛露华浓\r\n若非群玉山头见\r\n会向瑶台月下逢\r\n一枝红艳露凝香\r\n云雨巫山枉断肠\r\n借问汉宫谁得似\r\n可怜飞燕倚新妆\r\n名花倾国两相欢\r\n常得君王带笑看\r\n解释春风无限恨\r\n沉香亭北倚阑干\r\n解释春风无限恨\r\n沉香亭北倚阑干\r\n解释春风无限恨\r\n沉香亭北倚阑干','2019-08-30','images/lb_0BaUHy3.jpg',2,0,0),(97,'三体','讲述了地球人类文明和三体文明的信息交流、生死搏杀及两个文明在宇宙中的兴衰历程。其第一部经过刘宇昆翻译后获得了第73届雨果奖最佳长篇小说奖。','文化大革命如火如荼地进行，天文学家叶文洁在期间历经劫难，被带到军方绝秘计划“红岸工程”。叶文洁以太阳为天线，向宇宙发出地球文明的第一声啼鸣，取得了探寻外星文明的突破性进展。三颗无规则运行的太阳主导下，四光年外的“三体文明”百余次毁灭与重生，正被逼迫不得不逃离母星，而恰在此时，他们接收到了地球发来的信息。对人性绝望的叶文洁向三体人暴露了地球的坐标，彻底改变了人类的命运。\r\n地球的基础科学出现了异常的扰动，纳米科学家汪淼进入神秘的网络游戏《三体》，开始逐步逼近这个世界的真相。汪淼参加一次玩家聚会时，接触到了地球上应对三体人到来而形成的一个秘密组织（ETO）。地球防卫组织中国区作战中心通过“古筝计划”，一定程度上挫败了拯救派和降临派扰乱人类科学界和其他领域思想的图谋，获悉处于困境之中的三体人为了得到一个能够稳定生存的世界决定入侵地球。\r\n在运用超技术锁死地球人的基础科学之后，庞大的三体舰队开始向地球进发，人类的末日悄然来临。','2019-08-30','images/st.jpg',3,0,0),(98,'亦筝笙','故事背景是民国时期，讲述了男女主角相遇在朔方战火、烽烟乱世之中，携手白头的故事。','1 、握紧刺刀的时候，他最后看了一眼天边，那天幕被血与火的红和浓烟的黑层层遮蔽，寻不到半分蓝意。　不期然地又想到了那一幅画，蔚蓝的天空下，他抱着那个小小的女孩儿，而她，微笑着挽着他的手。\r\n原谅我，亦笙，我错过了靖靖的出生，大概，又要再错过她的成长了。\r\n原谅我，亦笙，这一世，不能再陪你走下去。\r\n原谅我，亦笙，明知这乱世维艰，却还是想让你好好活着，代替我的眼睛，看着日本人被赶出中国，看我泱泱中华，终有一日，扬威国际。\r\n原谅我，亦笙，有一句话，我一直知道它的意思，却从没有对你说过。　Jetaime，亦笙，我爱你。\r\n2、为国效命，虽死之日，犹生之年，开始战斗吧！\r\n3、太平本是将军定，不许将军见太平。\r\n4、军人之职，守土为国。无论如何请在座诸位谨记，勿忘国殇，奋发图强，效命沙场，报效国家。\r\n5、父帅刚才不是说了，军人最大的本分和实力，就是这一股子不怕死的气性，可是我看见她，大概就不想死了。\r\n6、十万青年十万军，国难岂待儿孙平——就让这场战事止于你我之辈，留给后代一个太平盛世吧。\r\n7那上面刊登着一幅照片，一个旗袍女子，挽着戎装的将军，美人名将，羡煞旁人。\r\n8、家可破，国，不能亡。','2019-08-30','images/yzs.jpg',4,0,0),(99,'清平调','云想衣裳花想容\r\n春风拂槛露华浓','云想衣裳花想容\r\n春风拂槛露华浓\r\n若非群玉山头见\r\n会向瑶台月下逢\r\n一枝红艳露凝香\r\n云雨巫山枉断肠\r\n借问汉宫谁得似\r\n可怜飞燕倚新妆\r\n名花倾国两相欢\r\n常得君王带笑看\r\n解释春风无限恨\r\n沉香亭北倚阑干\r\n解释春风无限恨\r\n沉香亭北倚阑干\r\n云想衣裳花想容\r\n春风拂槛露华浓\r\n若非群玉山头见\r\n会向瑶台月下逢\r\n一枝红艳露凝香\r\n云雨巫山枉断肠\r\n借问汉宫谁得似\r\n可怜飞燕倚新妆\r\n名花倾国两相欢\r\n常得君王带笑看\r\n解释春风无限恨\r\n沉香亭北倚阑干\r\n解释春风无限恨\r\n沉香亭北倚阑干\r\n解释春风无限恨\r\n沉香亭北倚阑干','2019-08-30','images/lb_0BaUHy3.jpg',2,0,0),(100,'三体','讲述了地球人类文明和三体文明的信息交流、生死搏杀及两个文明在宇宙中的兴衰历程。其第一部经过刘宇昆翻译后获得了第73届雨果奖最佳长篇小说奖。','文化大革命如火如荼地进行，天文学家叶文洁在期间历经劫难，被带到军方绝秘计划“红岸工程”。叶文洁以太阳为天线，向宇宙发出地球文明的第一声啼鸣，取得了探寻外星文明的突破性进展。三颗无规则运行的太阳主导下，四光年外的“三体文明”百余次毁灭与重生，正被逼迫不得不逃离母星，而恰在此时，他们接收到了地球发来的信息。对人性绝望的叶文洁向三体人暴露了地球的坐标，彻底改变了人类的命运。\r\n地球的基础科学出现了异常的扰动，纳米科学家汪淼进入神秘的网络游戏《三体》，开始逐步逼近这个世界的真相。汪淼参加一次玩家聚会时，接触到了地球上应对三体人到来而形成的一个秘密组织（ETO）。地球防卫组织中国区作战中心通过“古筝计划”，一定程度上挫败了拯救派和降临派扰乱人类科学界和其他领域思想的图谋，获悉处于困境之中的三体人为了得到一个能够稳定生存的世界决定入侵地球。\r\n在运用超技术锁死地球人的基础科学之后，庞大的三体舰队开始向地球进发，人类的末日悄然来临。','2019-08-28','images/st.jpg',3,0,0),(101,'亦筝笙','故事背景是民国时期，讲述了男女主角相遇在朔方战火、烽烟乱世之中，携手白头的故事。','1 、握紧刺刀的时候，他最后看了一眼天边，那天幕被血与火的红和浓烟的黑层层遮蔽，寻不到半分蓝意。　不期然地又想到了那一幅画，蔚蓝的天空下，他抱着那个小小的女孩儿，而她，微笑着挽着他的手。\r\n原谅我，亦笙，我错过了靖靖的出生，大概，又要再错过她的成长了。\r\n原谅我，亦笙，这一世，不能再陪你走下去。\r\n原谅我，亦笙，明知这乱世维艰，却还是想让你好好活着，代替我的眼睛，看着日本人被赶出中国，看我泱泱中华，终有一日，扬威国际。\r\n原谅我，亦笙，有一句话，我一直知道它的意思，却从没有对你说过。　Jetaime，亦笙，我爱你。\r\n2、为国效命，虽死之日，犹生之年，开始战斗吧！\r\n3、太平本是将军定，不许将军见太平。\r\n4、军人之职，守土为国。无论如何请在座诸位谨记，勿忘国殇，奋发图强，效命沙场，报效国家。\r\n5、父帅刚才不是说了，军人最大的本分和实力，就是这一股子不怕死的气性，可是我看见她，大概就不想死了。\r\n6、十万青年十万军，国难岂待儿孙平——就让这场战事止于你我之辈，留给后代一个太平盛世吧。\r\n7那上面刊登着一幅照片，一个旗袍女子，挽着戎装的将军，美人名将，羡煞旁人。\r\n8、家可破，国，不能亡。','2019-08-30','images/yzs.jpg',4,0,0),(102,'清平调','云想衣裳花想容\r\n春风拂槛露华浓','云想衣裳花想容\r\n春风拂槛露华浓\r\n若非群玉山头见\r\n会向瑶台月下逢\r\n一枝红艳露凝香\r\n云雨巫山枉断肠\r\n借问汉宫谁得似\r\n可怜飞燕倚新妆\r\n名花倾国两相欢\r\n常得君王带笑看\r\n解释春风无限恨\r\n沉香亭北倚阑干\r\n解释春风无限恨\r\n沉香亭北倚阑干\r\n云想衣裳花想容\r\n春风拂槛露华浓\r\n若非群玉山头见\r\n会向瑶台月下逢\r\n一枝红艳露凝香\r\n云雨巫山枉断肠\r\n借问汉宫谁得似\r\n可怜飞燕倚新妆\r\n名花倾国两相欢\r\n常得君王带笑看\r\n解释春风无限恨\r\n沉香亭北倚阑干\r\n解释春风无限恨\r\n沉香亭北倚阑干\r\n解释春风无限恨\r\n沉香亭北倚阑干','2019-08-30','images/lb_0BaUHy3.jpg',2,0,0),(103,'三体','讲述了地球人类文明和三体文明的信息交流、生死搏杀及两个文明在宇宙中的兴衰历程。其第一部经过刘宇昆翻译后获得了第73届雨果奖最佳长篇小说奖。','文化大革命如火如荼地进行，天文学家叶文洁在期间历经劫难，被带到军方绝秘计划“红岸工程”。叶文洁以太阳为天线，向宇宙发出地球文明的第一声啼鸣，取得了探寻外星文明的突破性进展。三颗无规则运行的太阳主导下，四光年外的“三体文明”百余次毁灭与重生，正被逼迫不得不逃离母星，而恰在此时，他们接收到了地球发来的信息。对人性绝望的叶文洁向三体人暴露了地球的坐标，彻底改变了人类的命运。\r\n地球的基础科学出现了异常的扰动，纳米科学家汪淼进入神秘的网络游戏《三体》，开始逐步逼近这个世界的真相。汪淼参加一次玩家聚会时，接触到了地球上应对三体人到来而形成的一个秘密组织（ETO）。地球防卫组织中国区作战中心通过“古筝计划”，一定程度上挫败了拯救派和降临派扰乱人类科学界和其他领域思想的图谋，获悉处于困境之中的三体人为了得到一个能够稳定生存的世界决定入侵地球。\r\n在运用超技术锁死地球人的基础科学之后，庞大的三体舰队开始向地球进发，人类的末日悄然来临。','2019-08-30','images/st.jpg',3,0,0),(104,'亦筝笙','故事背景是民国时期，讲述了男女主角相遇在朔方战火、烽烟乱世之中，携手白头的故事。','1 、握紧刺刀的时候，他最后看了一眼天边，那天幕被血与火的红和浓烟的黑层层遮蔽，寻不到半分蓝意。　不期然地又想到了那一幅画，蔚蓝的天空下，他抱着那个小小的女孩儿，而她，微笑着挽着他的手。\r\n原谅我，亦笙，我错过了靖靖的出生，大概，又要再错过她的成长了。\r\n原谅我，亦笙，这一世，不能再陪你走下去。\r\n原谅我，亦笙，明知这乱世维艰，却还是想让你好好活着，代替我的眼睛，看着日本人被赶出中国，看我泱泱中华，终有一日，扬威国际。\r\n原谅我，亦笙，有一句话，我一直知道它的意思，却从没有对你说过。　Jetaime，亦笙，我爱你。\r\n2、为国效命，虽死之日，犹生之年，开始战斗吧！\r\n3、太平本是将军定，不许将军见太平。\r\n4、军人之职，守土为国。无论如何请在座诸位谨记，勿忘国殇，奋发图强，效命沙场，报效国家。\r\n5、父帅刚才不是说了，军人最大的本分和实力，就是这一股子不怕死的气性，可是我看见她，大概就不想死了。\r\n6、十万青年十万军，国难岂待儿孙平——就让这场战事止于你我之辈，留给后代一个太平盛世吧。\r\n7那上面刊登着一幅照片，一个旗袍女子，挽着戎装的将军，美人名将，羡煞旁人。\r\n8、家可破，国，不能亡。','2019-08-30','images/yzs.jpg',4,0,0),(105,'清平调','云想衣裳花想容\r\n春风拂槛露华浓','云想衣裳花想容\r\n春风拂槛露华浓\r\n若非群玉山头见\r\n会向瑶台月下逢\r\n一枝红艳露凝香\r\n云雨巫山枉断肠\r\n借问汉宫谁得似\r\n可怜飞燕倚新妆\r\n名花倾国两相欢\r\n常得君王带笑看\r\n解释春风无限恨\r\n沉香亭北倚阑干\r\n解释春风无限恨\r\n沉香亭北倚阑干\r\n云想衣裳花想容\r\n春风拂槛露华浓\r\n若非群玉山头见\r\n会向瑶台月下逢\r\n一枝红艳露凝香\r\n云雨巫山枉断肠\r\n借问汉宫谁得似\r\n可怜飞燕倚新妆\r\n名花倾国两相欢\r\n常得君王带笑看\r\n解释春风无限恨\r\n沉香亭北倚阑干\r\n解释春风无限恨\r\n沉香亭北倚阑干\r\n解释春风无限恨\r\n沉香亭北倚阑干','2019-08-30','images/lb_0BaUHy3.jpg',2,0,0),(106,'三体','讲述了地球人类文明和三体文明的信息交流、生死搏杀及两个文明在宇宙中的兴衰历程。其第一部经过刘宇昆翻译后获得了第73届雨果奖最佳长篇小说奖。','文化大革命如火如荼地进行，天文学家叶文洁在期间历经劫难，被带到军方绝秘计划“红岸工程”。叶文洁以太阳为天线，向宇宙发出地球文明的第一声啼鸣，取得了探寻外星文明的突破性进展。三颗无规则运行的太阳主导下，四光年外的“三体文明”百余次毁灭与重生，正被逼迫不得不逃离母星，而恰在此时，他们接收到了地球发来的信息。对人性绝望的叶文洁向三体人暴露了地球的坐标，彻底改变了人类的命运。\r\n地球的基础科学出现了异常的扰动，纳米科学家汪淼进入神秘的网络游戏《三体》，开始逐步逼近这个世界的真相。汪淼参加一次玩家聚会时，接触到了地球上应对三体人到来而形成的一个秘密组织（ETO）。地球防卫组织中国区作战中心通过“古筝计划”，一定程度上挫败了拯救派和降临派扰乱人类科学界和其他领域思想的图谋，获悉处于困境之中的三体人为了得到一个能够稳定生存的世界决定入侵地球。\r\n在运用超技术锁死地球人的基础科学之后，庞大的三体舰队开始向地球进发，人类的末日悄然来临。','2019-08-30','images/st.jpg',3,0,0),(107,'亦筝笙','故事背景是民国时期，讲述了男女主角相遇在朔方战火、烽烟乱世之中，携手白头的故事。','1 、握紧刺刀的时候，他最后看了一眼天边，那天幕被血与火的红和浓烟的黑层层遮蔽，寻不到半分蓝意。　不期然地又想到了那一幅画，蔚蓝的天空下，他抱着那个小小的女孩儿，而她，微笑着挽着他的手。\r\n原谅我，亦笙，我错过了靖靖的出生，大概，又要再错过她的成长了。\r\n原谅我，亦笙，这一世，不能再陪你走下去。\r\n原谅我，亦笙，明知这乱世维艰，却还是想让你好好活着，代替我的眼睛，看着日本人被赶出中国，看我泱泱中华，终有一日，扬威国际。\r\n原谅我，亦笙，有一句话，我一直知道它的意思，却从没有对你说过。　Jetaime，亦笙，我爱你。\r\n2、为国效命，虽死之日，犹生之年，开始战斗吧！\r\n3、太平本是将军定，不许将军见太平。\r\n4、军人之职，守土为国。无论如何请在座诸位谨记，勿忘国殇，奋发图强，效命沙场，报效国家。\r\n5、父帅刚才不是说了，军人最大的本分和实力，就是这一股子不怕死的气性，可是我看见她，大概就不想死了。\r\n6、十万青年十万军，国难岂待儿孙平——就让这场战事止于你我之辈，留给后代一个太平盛世吧。\r\n7那上面刊登着一幅照片，一个旗袍女子，挽着戎装的将军，美人名将，羡煞旁人。\r\n8、家可破，国，不能亡。','2019-08-30','images/yzs.jpg',4,0,0),(123,'清平调','云想衣裳花想容\r\n春风拂槛露华浓','云想衣裳花想容\r\n春风拂槛露华浓\r\n若非群玉山头见\r\n会向瑶台月下逢\r\n一枝红艳露凝香\r\n云雨巫山枉断肠\r\n借问汉宫谁得似\r\n可怜飞燕倚新妆\r\n名花倾国两相欢\r\n常得君王带笑看\r\n解释春风无限恨\r\n沉香亭北倚阑干\r\n解释春风无限恨\r\n沉香亭北倚阑干\r\n云想衣裳花想容\r\n春风拂槛露华浓\r\n若非群玉山头见\r\n会向瑶台月下逢\r\n一枝红艳露凝香\r\n云雨巫山枉断肠\r\n借问汉宫谁得似\r\n可怜飞燕倚新妆\r\n名花倾国两相欢\r\n常得君王带笑看\r\n解释春风无限恨\r\n沉香亭北倚阑干\r\n解释春风无限恨\r\n沉香亭北倚阑干\r\n解释春风无限恨\r\n沉香亭北倚阑干','2019-08-30','images/lb_0BaUHy3.jpg',2,0,0),(124,'三体','讲述了地球人类文明和三体文明的信息交流、生死搏杀及两个文明在宇宙中的兴衰历程。其第一部经过刘宇昆翻译后获得了第73届雨果奖最佳长篇小说奖。','文化大革命如火如荼地进行，天文学家叶文洁在期间历经劫难，被带到军方绝秘计划“红岸工程”。叶文洁以太阳为天线，向宇宙发出地球文明的第一声啼鸣，取得了探寻外星文明的突破性进展。三颗无规则运行的太阳主导下，四光年外的“三体文明”百余次毁灭与重生，正被逼迫不得不逃离母星，而恰在此时，他们接收到了地球发来的信息。对人性绝望的叶文洁向三体人暴露了地球的坐标，彻底改变了人类的命运。\r\n地球的基础科学出现了异常的扰动，纳米科学家汪淼进入神秘的网络游戏《三体》，开始逐步逼近这个世界的真相。汪淼参加一次玩家聚会时，接触到了地球上应对三体人到来而形成的一个秘密组织（ETO）。地球防卫组织中国区作战中心通过“古筝计划”，一定程度上挫败了拯救派和降临派扰乱人类科学界和其他领域思想的图谋，获悉处于困境之中的三体人为了得到一个能够稳定生存的世界决定入侵地球。\r\n在运用超技术锁死地球人的基础科学之后，庞大的三体舰队开始向地球进发，人类的末日悄然来临。','2019-08-30','images/st.jpg',3,0,0),(125,'亦筝笙','故事背景是民国时期，讲述了男女主角相遇在朔方战火、烽烟乱世之中，携手白头的故事。','1 、握紧刺刀的时候，他最后看了一眼天边，那天幕被血与火的红和浓烟的黑层层遮蔽，寻不到半分蓝意。　不期然地又想到了那一幅画，蔚蓝的天空下，他抱着那个小小的女孩儿，而她，微笑着挽着他的手。\r\n原谅我，亦笙，我错过了靖靖的出生，大概，又要再错过她的成长了。\r\n原谅我，亦笙，这一世，不能再陪你走下去。\r\n原谅我，亦笙，明知这乱世维艰，却还是想让你好好活着，代替我的眼睛，看着日本人被赶出中国，看我泱泱中华，终有一日，扬威国际。\r\n原谅我，亦笙，有一句话，我一直知道它的意思，却从没有对你说过。　Jetaime，亦笙，我爱你。\r\n2、为国效命，虽死之日，犹生之年，开始战斗吧！\r\n3、太平本是将军定，不许将军见太平。\r\n4、军人之职，守土为国。无论如何请在座诸位谨记，勿忘国殇，奋发图强，效命沙场，报效国家。\r\n5、父帅刚才不是说了，军人最大的本分和实力，就是这一股子不怕死的气性，可是我看见她，大概就不想死了。\r\n6、十万青年十万军，国难岂待儿孙平——就让这场战事止于你我之辈，留给后代一个太平盛世吧。\r\n7那上面刊登着一幅照片，一个旗袍女子，挽着戎装的将军，美人名将，羡煞旁人。\r\n8、家可破，国，不能亡。','2019-08-30','images/yzs.jpg',4,0,0),(126,'清平调','云想衣裳花想容\r\n春风拂槛露华浓','云想衣裳花想容\r\n春风拂槛露华浓\r\n若非群玉山头见\r\n会向瑶台月下逢\r\n一枝红艳露凝香\r\n云雨巫山枉断肠\r\n借问汉宫谁得似\r\n可怜飞燕倚新妆\r\n名花倾国两相欢\r\n常得君王带笑看\r\n解释春风无限恨\r\n沉香亭北倚阑干\r\n解释春风无限恨\r\n沉香亭北倚阑干\r\n云想衣裳花想容\r\n春风拂槛露华浓\r\n若非群玉山头见\r\n会向瑶台月下逢\r\n一枝红艳露凝香\r\n云雨巫山枉断肠\r\n借问汉宫谁得似\r\n可怜飞燕倚新妆\r\n名花倾国两相欢\r\n常得君王带笑看\r\n解释春风无限恨\r\n沉香亭北倚阑干\r\n解释春风无限恨\r\n沉香亭北倚阑干\r\n解释春风无限恨\r\n沉香亭北倚阑干','2019-08-30','images/lb_0BaUHy3.jpg',2,0,0),(127,'三体','讲述了地球人类文明和三体文明的信息交流、生死搏杀及两个文明在宇宙中的兴衰历程。其第一部经过刘宇昆翻译后获得了第73届雨果奖最佳长篇小说奖。','文化大革命如火如荼地进行，天文学家叶文洁在期间历经劫难，被带到军方绝秘计划“红岸工程”。叶文洁以太阳为天线，向宇宙发出地球文明的第一声啼鸣，取得了探寻外星文明的突破性进展。三颗无规则运行的太阳主导下，四光年外的“三体文明”百余次毁灭与重生，正被逼迫不得不逃离母星，而恰在此时，他们接收到了地球发来的信息。对人性绝望的叶文洁向三体人暴露了地球的坐标，彻底改变了人类的命运。\r\n地球的基础科学出现了异常的扰动，纳米科学家汪淼进入神秘的网络游戏《三体》，开始逐步逼近这个世界的真相。汪淼参加一次玩家聚会时，接触到了地球上应对三体人到来而形成的一个秘密组织（ETO）。地球防卫组织中国区作战中心通过“古筝计划”，一定程度上挫败了拯救派和降临派扰乱人类科学界和其他领域思想的图谋，获悉处于困境之中的三体人为了得到一个能够稳定生存的世界决定入侵地球。\r\n在运用超技术锁死地球人的基础科学之后，庞大的三体舰队开始向地球进发，人类的末日悄然来临。','2019-08-30','images/st.jpg',3,0,0),(128,'亦筝笙','故事背景是民国时期，讲述了男女主角相遇在朔方战火、烽烟乱世之中，携手白头的故事。','1 、握紧刺刀的时候，他最后看了一眼天边，那天幕被血与火的红和浓烟的黑层层遮蔽，寻不到半分蓝意。　不期然地又想到了那一幅画，蔚蓝的天空下，他抱着那个小小的女孩儿，而她，微笑着挽着他的手。\r\n原谅我，亦笙，我错过了靖靖的出生，大概，又要再错过她的成长了。\r\n原谅我，亦笙，这一世，不能再陪你走下去。\r\n原谅我，亦笙，明知这乱世维艰，却还是想让你好好活着，代替我的眼睛，看着日本人被赶出中国，看我泱泱中华，终有一日，扬威国际。\r\n原谅我，亦笙，有一句话，我一直知道它的意思，却从没有对你说过。　Jetaime，亦笙，我爱你。\r\n2、为国效命，虽死之日，犹生之年，开始战斗吧！\r\n3、太平本是将军定，不许将军见太平。\r\n4、军人之职，守土为国。无论如何请在座诸位谨记，勿忘国殇，奋发图强，效命沙场，报效国家。\r\n5、父帅刚才不是说了，军人最大的本分和实力，就是这一股子不怕死的气性，可是我看见她，大概就不想死了。\r\n6、十万青年十万军，国难岂待儿孙平——就让这场战事止于你我之辈，留给后代一个太平盛世吧。\r\n7那上面刊登着一幅照片，一个旗袍女子，挽着戎装的将军，美人名将，羡煞旁人。\r\n8、家可破，国，不能亡。','2019-08-30','images/yzs.jpg',4,0,0),(129,'清平调','云想衣裳花想容\r\n春风拂槛露华浓','云想衣裳花想容\r\n春风拂槛露华浓\r\n若非群玉山头见\r\n会向瑶台月下逢\r\n一枝红艳露凝香\r\n云雨巫山枉断肠\r\n借问汉宫谁得似\r\n可怜飞燕倚新妆\r\n名花倾国两相欢\r\n常得君王带笑看\r\n解释春风无限恨\r\n沉香亭北倚阑干\r\n解释春风无限恨\r\n沉香亭北倚阑干\r\n云想衣裳花想容\r\n春风拂槛露华浓\r\n若非群玉山头见\r\n会向瑶台月下逢\r\n一枝红艳露凝香\r\n云雨巫山枉断肠\r\n借问汉宫谁得似\r\n可怜飞燕倚新妆\r\n名花倾国两相欢\r\n常得君王带笑看\r\n解释春风无限恨\r\n沉香亭北倚阑干\r\n解释春风无限恨\r\n沉香亭北倚阑干\r\n解释春风无限恨\r\n沉香亭北倚阑干','2019-08-30','images/lb_0BaUHy3.jpg',2,0,0),(130,'三体','讲述了地球人类文明和三体文明的信息交流、生死搏杀及两个文明在宇宙中的兴衰历程。其第一部经过刘宇昆翻译后获得了第73届雨果奖最佳长篇小说奖。','文化大革命如火如荼地进行，天文学家叶文洁在期间历经劫难，被带到军方绝秘计划“红岸工程”。叶文洁以太阳为天线，向宇宙发出地球文明的第一声啼鸣，取得了探寻外星文明的突破性进展。三颗无规则运行的太阳主导下，四光年外的“三体文明”百余次毁灭与重生，正被逼迫不得不逃离母星，而恰在此时，他们接收到了地球发来的信息。对人性绝望的叶文洁向三体人暴露了地球的坐标，彻底改变了人类的命运。\r\n地球的基础科学出现了异常的扰动，纳米科学家汪淼进入神秘的网络游戏《三体》，开始逐步逼近这个世界的真相。汪淼参加一次玩家聚会时，接触到了地球上应对三体人到来而形成的一个秘密组织（ETO）。地球防卫组织中国区作战中心通过“古筝计划”，一定程度上挫败了拯救派和降临派扰乱人类科学界和其他领域思想的图谋，获悉处于困境之中的三体人为了得到一个能够稳定生存的世界决定入侵地球。\r\n在运用超技术锁死地球人的基础科学之后，庞大的三体舰队开始向地球进发，人类的末日悄然来临。','2019-08-30','images/st.jpg',3,0,0),(131,'亦筝笙','故事背景是民国时期，讲述了男女主角相遇在朔方战火、烽烟乱世之中，携手白头的故事。','1 、握紧刺刀的时候，他最后看了一眼天边，那天幕被血与火的红和浓烟的黑层层遮蔽，寻不到半分蓝意。　不期然地又想到了那一幅画，蔚蓝的天空下，他抱着那个小小的女孩儿，而她，微笑着挽着他的手。\r\n原谅我，亦笙，我错过了靖靖的出生，大概，又要再错过她的成长了。\r\n原谅我，亦笙，这一世，不能再陪你走下去。\r\n原谅我，亦笙，明知这乱世维艰，却还是想让你好好活着，代替我的眼睛，看着日本人被赶出中国，看我泱泱中华，终有一日，扬威国际。\r\n原谅我，亦笙，有一句话，我一直知道它的意思，却从没有对你说过。　Jetaime，亦笙，我爱你。\r\n2、为国效命，虽死之日，犹生之年，开始战斗吧！\r\n3、太平本是将军定，不许将军见太平。\r\n4、军人之职，守土为国。无论如何请在座诸位谨记，勿忘国殇，奋发图强，效命沙场，报效国家。\r\n5、父帅刚才不是说了，军人最大的本分和实力，就是这一股子不怕死的气性，可是我看见她，大概就不想死了。\r\n6、十万青年十万军，国难岂待儿孙平——就让这场战事止于你我之辈，留给后代一个太平盛世吧。\r\n7那上面刊登着一幅照片，一个旗袍女子，挽着戎装的将军，美人名将，羡煞旁人。\r\n8、家可破，国，不能亡。','2019-08-30','images/yzs.jpg',4,0,0),(132,'清平调','云想衣裳花想容\r\n春风拂槛露华浓','云想衣裳花想容\r\n春风拂槛露华浓\r\n若非群玉山头见\r\n会向瑶台月下逢\r\n一枝红艳露凝香\r\n云雨巫山枉断肠\r\n借问汉宫谁得似\r\n可怜飞燕倚新妆\r\n名花倾国两相欢\r\n常得君王带笑看\r\n解释春风无限恨\r\n沉香亭北倚阑干\r\n解释春风无限恨\r\n沉香亭北倚阑干\r\n云想衣裳花想容\r\n春风拂槛露华浓\r\n若非群玉山头见\r\n会向瑶台月下逢\r\n一枝红艳露凝香\r\n云雨巫山枉断肠\r\n借问汉宫谁得似\r\n可怜飞燕倚新妆\r\n名花倾国两相欢\r\n常得君王带笑看\r\n解释春风无限恨\r\n沉香亭北倚阑干\r\n解释春风无限恨\r\n沉香亭北倚阑干\r\n解释春风无限恨\r\n沉香亭北倚阑干','2019-08-30','images/lb_0BaUHy3.jpg',2,0,0),(133,'三体','讲述了地球人类文明和三体文明的信息交流、生死搏杀及两个文明在宇宙中的兴衰历程。其第一部经过刘宇昆翻译后获得了第73届雨果奖最佳长篇小说奖。','文化大革命如火如荼地进行，天文学家叶文洁在期间历经劫难，被带到军方绝秘计划“红岸工程”。叶文洁以太阳为天线，向宇宙发出地球文明的第一声啼鸣，取得了探寻外星文明的突破性进展。三颗无规则运行的太阳主导下，四光年外的“三体文明”百余次毁灭与重生，正被逼迫不得不逃离母星，而恰在此时，他们接收到了地球发来的信息。对人性绝望的叶文洁向三体人暴露了地球的坐标，彻底改变了人类的命运。\r\n地球的基础科学出现了异常的扰动，纳米科学家汪淼进入神秘的网络游戏《三体》，开始逐步逼近这个世界的真相。汪淼参加一次玩家聚会时，接触到了地球上应对三体人到来而形成的一个秘密组织（ETO）。地球防卫组织中国区作战中心通过“古筝计划”，一定程度上挫败了拯救派和降临派扰乱人类科学界和其他领域思想的图谋，获悉处于困境之中的三体人为了得到一个能够稳定生存的世界决定入侵地球。\r\n在运用超技术锁死地球人的基础科学之后，庞大的三体舰队开始向地球进发，人类的末日悄然来临。','2019-08-30','images/st.jpg',3,0,0),(134,'亦筝笙','故事背景是民国时期，讲述了男女主角相遇在朔方战火、烽烟乱世之中，携手白头的故事。','1 、握紧刺刀的时候，他最后看了一眼天边，那天幕被血与火的红和浓烟的黑层层遮蔽，寻不到半分蓝意。　不期然地又想到了那一幅画，蔚蓝的天空下，他抱着那个小小的女孩儿，而她，微笑着挽着他的手。\r\n原谅我，亦笙，我错过了靖靖的出生，大概，又要再错过她的成长了。\r\n原谅我，亦笙，这一世，不能再陪你走下去。\r\n原谅我，亦笙，明知这乱世维艰，却还是想让你好好活着，代替我的眼睛，看着日本人被赶出中国，看我泱泱中华，终有一日，扬威国际。\r\n原谅我，亦笙，有一句话，我一直知道它的意思，却从没有对你说过。　Jetaime，亦笙，我爱你。\r\n2、为国效命，虽死之日，犹生之年，开始战斗吧！\r\n3、太平本是将军定，不许将军见太平。\r\n4、军人之职，守土为国。无论如何请在座诸位谨记，勿忘国殇，奋发图强，效命沙场，报效国家。\r\n5、父帅刚才不是说了，军人最大的本分和实力，就是这一股子不怕死的气性，可是我看见她，大概就不想死了。\r\n6、十万青年十万军，国难岂待儿孙平——就让这场战事止于你我之辈，留给后代一个太平盛世吧。\r\n7那上面刊登着一幅照片，一个旗袍女子，挽着戎装的将军，美人名将，羡煞旁人。\r\n8、家可破，国，不能亡。','2019-08-30','images/yzs.jpg',4,0,0),(135,'清平调','云想衣裳花想容\r\n春风拂槛露华浓','云想衣裳花想容\r\n春风拂槛露华浓\r\n若非群玉山头见\r\n会向瑶台月下逢\r\n一枝红艳露凝香\r\n云雨巫山枉断肠\r\n借问汉宫谁得似\r\n可怜飞燕倚新妆\r\n名花倾国两相欢\r\n常得君王带笑看\r\n解释春风无限恨\r\n沉香亭北倚阑干\r\n解释春风无限恨\r\n沉香亭北倚阑干\r\n云想衣裳花想容\r\n春风拂槛露华浓\r\n若非群玉山头见\r\n会向瑶台月下逢\r\n一枝红艳露凝香\r\n云雨巫山枉断肠\r\n借问汉宫谁得似\r\n可怜飞燕倚新妆\r\n名花倾国两相欢\r\n常得君王带笑看\r\n解释春风无限恨\r\n沉香亭北倚阑干\r\n解释春风无限恨\r\n沉香亭北倚阑干\r\n解释春风无限恨\r\n沉香亭北倚阑干','2019-08-30','images/lb_0BaUHy3.jpg',2,0,0),(136,'三体','讲述了地球人类文明和三体文明的信息交流、生死搏杀及两个文明在宇宙中的兴衰历程。其第一部经过刘宇昆翻译后获得了第73届雨果奖最佳长篇小说奖。','文化大革命如火如荼地进行，天文学家叶文洁在期间历经劫难，被带到军方绝秘计划“红岸工程”。叶文洁以太阳为天线，向宇宙发出地球文明的第一声啼鸣，取得了探寻外星文明的突破性进展。三颗无规则运行的太阳主导下，四光年外的“三体文明”百余次毁灭与重生，正被逼迫不得不逃离母星，而恰在此时，他们接收到了地球发来的信息。对人性绝望的叶文洁向三体人暴露了地球的坐标，彻底改变了人类的命运。\r\n地球的基础科学出现了异常的扰动，纳米科学家汪淼进入神秘的网络游戏《三体》，开始逐步逼近这个世界的真相。汪淼参加一次玩家聚会时，接触到了地球上应对三体人到来而形成的一个秘密组织（ETO）。地球防卫组织中国区作战中心通过“古筝计划”，一定程度上挫败了拯救派和降临派扰乱人类科学界和其他领域思想的图谋，获悉处于困境之中的三体人为了得到一个能够稳定生存的世界决定入侵地球。\r\n在运用超技术锁死地球人的基础科学之后，庞大的三体舰队开始向地球进发，人类的末日悄然来临。','2019-08-30','images/st.jpg',3,0,0),(137,'亦筝笙','故事背景是民国时期，讲述了男女主角相遇在朔方战火、烽烟乱世之中，携手白头的故事。','1 、握紧刺刀的时候，他最后看了一眼天边，那天幕被血与火的红和浓烟的黑层层遮蔽，寻不到半分蓝意。　不期然地又想到了那一幅画，蔚蓝的天空下，他抱着那个小小的女孩儿，而她，微笑着挽着他的手。\r\n原谅我，亦笙，我错过了靖靖的出生，大概，又要再错过她的成长了。\r\n原谅我，亦笙，这一世，不能再陪你走下去。\r\n原谅我，亦笙，明知这乱世维艰，却还是想让你好好活着，代替我的眼睛，看着日本人被赶出中国，看我泱泱中华，终有一日，扬威国际。\r\n原谅我，亦笙，有一句话，我一直知道它的意思，却从没有对你说过。　Jetaime，亦笙，我爱你。\r\n2、为国效命，虽死之日，犹生之年，开始战斗吧！\r\n3、太平本是将军定，不许将军见太平。\r\n4、军人之职，守土为国。无论如何请在座诸位谨记，勿忘国殇，奋发图强，效命沙场，报效国家。\r\n5、父帅刚才不是说了，军人最大的本分和实力，就是这一股子不怕死的气性，可是我看见她，大概就不想死了。\r\n6、十万青年十万军，国难岂待儿孙平——就让这场战事止于你我之辈，留给后代一个太平盛世吧。\r\n7那上面刊登着一幅照片，一个旗袍女子，挽着戎装的将军，美人名将，羡煞旁人。\r\n8、家可破，国，不能亡。','2019-08-30','images/yzs.jpg',4,0,0),(138,'清平调','云想衣裳花想容\r\n春风拂槛露华浓','云想衣裳花想容\r\n春风拂槛露华浓\r\n若非群玉山头见\r\n会向瑶台月下逢\r\n一枝红艳露凝香\r\n云雨巫山枉断肠\r\n借问汉宫谁得似\r\n可怜飞燕倚新妆\r\n名花倾国两相欢\r\n常得君王带笑看\r\n解释春风无限恨\r\n沉香亭北倚阑干\r\n解释春风无限恨\r\n沉香亭北倚阑干\r\n云想衣裳花想容\r\n春风拂槛露华浓\r\n若非群玉山头见\r\n会向瑶台月下逢\r\n一枝红艳露凝香\r\n云雨巫山枉断肠\r\n借问汉宫谁得似\r\n可怜飞燕倚新妆\r\n名花倾国两相欢\r\n常得君王带笑看\r\n解释春风无限恨\r\n沉香亭北倚阑干\r\n解释春风无限恨\r\n沉香亭北倚阑干\r\n解释春风无限恨\r\n沉香亭北倚阑干','2019-08-30','images/lb_0BaUHy3.jpg',2,0,0),(139,'三体','讲述了地球人类文明和三体文明的信息交流、生死搏杀及两个文明在宇宙中的兴衰历程。其第一部经过刘宇昆翻译后获得了第73届雨果奖最佳长篇小说奖。','文化大革命如火如荼地进行，天文学家叶文洁在期间历经劫难，被带到军方绝秘计划“红岸工程”。叶文洁以太阳为天线，向宇宙发出地球文明的第一声啼鸣，取得了探寻外星文明的突破性进展。三颗无规则运行的太阳主导下，四光年外的“三体文明”百余次毁灭与重生，正被逼迫不得不逃离母星，而恰在此时，他们接收到了地球发来的信息。对人性绝望的叶文洁向三体人暴露了地球的坐标，彻底改变了人类的命运。\r\n地球的基础科学出现了异常的扰动，纳米科学家汪淼进入神秘的网络游戏《三体》，开始逐步逼近这个世界的真相。汪淼参加一次玩家聚会时，接触到了地球上应对三体人到来而形成的一个秘密组织（ETO）。地球防卫组织中国区作战中心通过“古筝计划”，一定程度上挫败了拯救派和降临派扰乱人类科学界和其他领域思想的图谋，获悉处于困境之中的三体人为了得到一个能够稳定生存的世界决定入侵地球。\r\n在运用超技术锁死地球人的基础科学之后，庞大的三体舰队开始向地球进发，人类的末日悄然来临。','2019-08-30','images/st.jpg',3,0,0),(140,'亦筝笙','故事背景是民国时期，讲述了男女主角相遇在朔方战火、烽烟乱世之中，携手白头的故事。','1 、握紧刺刀的时候，他最后看了一眼天边，那天幕被血与火的红和浓烟的黑层层遮蔽，寻不到半分蓝意。　不期然地又想到了那一幅画，蔚蓝的天空下，他抱着那个小小的女孩儿，而她，微笑着挽着他的手。\r\n原谅我，亦笙，我错过了靖靖的出生，大概，又要再错过她的成长了。\r\n原谅我，亦笙，这一世，不能再陪你走下去。\r\n原谅我，亦笙，明知这乱世维艰，却还是想让你好好活着，代替我的眼睛，看着日本人被赶出中国，看我泱泱中华，终有一日，扬威国际。\r\n原谅我，亦笙，有一句话，我一直知道它的意思，却从没有对你说过。　Jetaime，亦笙，我爱你。\r\n2、为国效命，虽死之日，犹生之年，开始战斗吧！\r\n3、太平本是将军定，不许将军见太平。\r\n4、军人之职，守土为国。无论如何请在座诸位谨记，勿忘国殇，奋发图强，效命沙场，报效国家。\r\n5、父帅刚才不是说了，军人最大的本分和实力，就是这一股子不怕死的气性，可是我看见她，大概就不想死了。\r\n6、十万青年十万军，国难岂待儿孙平——就让这场战事止于你我之辈，留给后代一个太平盛世吧。\r\n7那上面刊登着一幅照片，一个旗袍女子，挽着戎装的将军，美人名将，羡煞旁人。\r\n8、家可破，国，不能亡。','2019-08-30','images/yzs.jpg',4,0,0),(141,'清平调','云想衣裳花想容\r\n春风拂槛露华浓','云想衣裳花想容\r\n春风拂槛露华浓\r\n若非群玉山头见\r\n会向瑶台月下逢\r\n一枝红艳露凝香\r\n云雨巫山枉断肠\r\n借问汉宫谁得似\r\n可怜飞燕倚新妆\r\n名花倾国两相欢\r\n常得君王带笑看\r\n解释春风无限恨\r\n沉香亭北倚阑干\r\n解释春风无限恨\r\n沉香亭北倚阑干\r\n云想衣裳花想容\r\n春风拂槛露华浓\r\n若非群玉山头见\r\n会向瑶台月下逢\r\n一枝红艳露凝香\r\n云雨巫山枉断肠\r\n借问汉宫谁得似\r\n可怜飞燕倚新妆\r\n名花倾国两相欢\r\n常得君王带笑看\r\n解释春风无限恨\r\n沉香亭北倚阑干\r\n解释春风无限恨\r\n沉香亭北倚阑干\r\n解释春风无限恨\r\n沉香亭北倚阑干','2019-08-30','images/lb_0BaUHy3.jpg',2,0,0),(142,'三体','讲述了地球人类文明和三体文明的信息交流、生死搏杀及两个文明在宇宙中的兴衰历程。其第一部经过刘宇昆翻译后获得了第73届雨果奖最佳长篇小说奖。','文化大革命如火如荼地进行，天文学家叶文洁在期间历经劫难，被带到军方绝秘计划“红岸工程”。叶文洁以太阳为天线，向宇宙发出地球文明的第一声啼鸣，取得了探寻外星文明的突破性进展。三颗无规则运行的太阳主导下，四光年外的“三体文明”百余次毁灭与重生，正被逼迫不得不逃离母星，而恰在此时，他们接收到了地球发来的信息。对人性绝望的叶文洁向三体人暴露了地球的坐标，彻底改变了人类的命运。\r\n地球的基础科学出现了异常的扰动，纳米科学家汪淼进入神秘的网络游戏《三体》，开始逐步逼近这个世界的真相。汪淼参加一次玩家聚会时，接触到了地球上应对三体人到来而形成的一个秘密组织（ETO）。地球防卫组织中国区作战中心通过“古筝计划”，一定程度上挫败了拯救派和降临派扰乱人类科学界和其他领域思想的图谋，获悉处于困境之中的三体人为了得到一个能够稳定生存的世界决定入侵地球。\r\n在运用超技术锁死地球人的基础科学之后，庞大的三体舰队开始向地球进发，人类的末日悄然来临。','2019-08-30','images/st.jpg',3,0,0),(143,'亦筝笙','故事背景是民国时期，讲述了男女主角相遇在朔方战火、烽烟乱世之中，携手白头的故事。','1 、握紧刺刀的时候，他最后看了一眼天边，那天幕被血与火的红和浓烟的黑层层遮蔽，寻不到半分蓝意。　不期然地又想到了那一幅画，蔚蓝的天空下，他抱着那个小小的女孩儿，而她，微笑着挽着他的手。\r\n原谅我，亦笙，我错过了靖靖的出生，大概，又要再错过她的成长了。\r\n原谅我，亦笙，这一世，不能再陪你走下去。\r\n原谅我，亦笙，明知这乱世维艰，却还是想让你好好活着，代替我的眼睛，看着日本人被赶出中国，看我泱泱中华，终有一日，扬威国际。\r\n原谅我，亦笙，有一句话，我一直知道它的意思，却从没有对你说过。　Jetaime，亦笙，我爱你。\r\n2、为国效命，虽死之日，犹生之年，开始战斗吧！\r\n3、太平本是将军定，不许将军见太平。\r\n4、军人之职，守土为国。无论如何请在座诸位谨记，勿忘国殇，奋发图强，效命沙场，报效国家。\r\n5、父帅刚才不是说了，军人最大的本分和实力，就是这一股子不怕死的气性，可是我看见她，大概就不想死了。\r\n6、十万青年十万军，国难岂待儿孙平——就让这场战事止于你我之辈，留给后代一个太平盛世吧。\r\n7那上面刊登着一幅照片，一个旗袍女子，挽着戎装的将军，美人名将，羡煞旁人。\r\n8、家可破，国，不能亡。','2019-08-30','images/yzs.jpg',4,0,0),(144,'清平调','云想衣裳花想容\r\n春风拂槛露华浓','云想衣裳花想容\r\n春风拂槛露华浓\r\n若非群玉山头见\r\n会向瑶台月下逢\r\n一枝红艳露凝香\r\n云雨巫山枉断肠\r\n借问汉宫谁得似\r\n可怜飞燕倚新妆\r\n名花倾国两相欢\r\n常得君王带笑看\r\n解释春风无限恨\r\n沉香亭北倚阑干\r\n解释春风无限恨\r\n沉香亭北倚阑干\r\n云想衣裳花想容\r\n春风拂槛露华浓\r\n若非群玉山头见\r\n会向瑶台月下逢\r\n一枝红艳露凝香\r\n云雨巫山枉断肠\r\n借问汉宫谁得似\r\n可怜飞燕倚新妆\r\n名花倾国两相欢\r\n常得君王带笑看\r\n解释春风无限恨\r\n沉香亭北倚阑干\r\n解释春风无限恨\r\n沉香亭北倚阑干\r\n解释春风无限恨\r\n沉香亭北倚阑干','2019-08-30','images/lb_0BaUHy3.jpg',2,0,0),(145,'三体','讲述了地球人类文明和三体文明的信息交流、生死搏杀及两个文明在宇宙中的兴衰历程。其第一部经过刘宇昆翻译后获得了第73届雨果奖最佳长篇小说奖。','文化大革命如火如荼地进行，天文学家叶文洁在期间历经劫难，被带到军方绝秘计划“红岸工程”。叶文洁以太阳为天线，向宇宙发出地球文明的第一声啼鸣，取得了探寻外星文明的突破性进展。三颗无规则运行的太阳主导下，四光年外的“三体文明”百余次毁灭与重生，正被逼迫不得不逃离母星，而恰在此时，他们接收到了地球发来的信息。对人性绝望的叶文洁向三体人暴露了地球的坐标，彻底改变了人类的命运。\r\n地球的基础科学出现了异常的扰动，纳米科学家汪淼进入神秘的网络游戏《三体》，开始逐步逼近这个世界的真相。汪淼参加一次玩家聚会时，接触到了地球上应对三体人到来而形成的一个秘密组织（ETO）。地球防卫组织中国区作战中心通过“古筝计划”，一定程度上挫败了拯救派和降临派扰乱人类科学界和其他领域思想的图谋，获悉处于困境之中的三体人为了得到一个能够稳定生存的世界决定入侵地球。\r\n在运用超技术锁死地球人的基础科学之后，庞大的三体舰队开始向地球进发，人类的末日悄然来临。','2019-08-30','images/st.jpg',3,0,0),(146,'亦筝笙','故事背景是民国时期，讲述了男女主角相遇在朔方战火、烽烟乱世之中，携手白头的故事。','1 、握紧刺刀的时候，他最后看了一眼天边，那天幕被血与火的红和浓烟的黑层层遮蔽，寻不到半分蓝意。　不期然地又想到了那一幅画，蔚蓝的天空下，他抱着那个小小的女孩儿，而她，微笑着挽着他的手。\r\n原谅我，亦笙，我错过了靖靖的出生，大概，又要再错过她的成长了。\r\n原谅我，亦笙，这一世，不能再陪你走下去。\r\n原谅我，亦笙，明知这乱世维艰，却还是想让你好好活着，代替我的眼睛，看着日本人被赶出中国，看我泱泱中华，终有一日，扬威国际。\r\n原谅我，亦笙，有一句话，我一直知道它的意思，却从没有对你说过。　Jetaime，亦笙，我爱你。\r\n2、为国效命，虽死之日，犹生之年，开始战斗吧！\r\n3、太平本是将军定，不许将军见太平。\r\n4、军人之职，守土为国。无论如何请在座诸位谨记，勿忘国殇，奋发图强，效命沙场，报效国家。\r\n5、父帅刚才不是说了，军人最大的本分和实力，就是这一股子不怕死的气性，可是我看见她，大概就不想死了。\r\n6、十万青年十万军，国难岂待儿孙平——就让这场战事止于你我之辈，留给后代一个太平盛世吧。\r\n7那上面刊登着一幅照片，一个旗袍女子，挽着戎装的将军，美人名将，羡煞旁人。\r\n8、家可破，国，不能亡。','2019-08-30','images/yzs.jpg',4,0,0),(147,'清平调','云想衣裳花想容\r\n春风拂槛露华浓','云想衣裳花想容\r\n春风拂槛露华浓\r\n若非群玉山头见\r\n会向瑶台月下逢\r\n一枝红艳露凝香\r\n云雨巫山枉断肠\r\n借问汉宫谁得似\r\n可怜飞燕倚新妆\r\n名花倾国两相欢\r\n常得君王带笑看\r\n解释春风无限恨\r\n沉香亭北倚阑干\r\n解释春风无限恨\r\n沉香亭北倚阑干\r\n云想衣裳花想容\r\n春风拂槛露华浓\r\n若非群玉山头见\r\n会向瑶台月下逢\r\n一枝红艳露凝香\r\n云雨巫山枉断肠\r\n借问汉宫谁得似\r\n可怜飞燕倚新妆\r\n名花倾国两相欢\r\n常得君王带笑看\r\n解释春风无限恨\r\n沉香亭北倚阑干\r\n解释春风无限恨\r\n沉香亭北倚阑干\r\n解释春风无限恨\r\n沉香亭北倚阑干','2019-08-30','images/lb_0BaUHy3.jpg',2,0,0),(148,'三体','讲述了地球人类文明和三体文明的信息交流、生死搏杀及两个文明在宇宙中的兴衰历程。其第一部经过刘宇昆翻译后获得了第73届雨果奖最佳长篇小说奖。','文化大革命如火如荼地进行，天文学家叶文洁在期间历经劫难，被带到军方绝秘计划“红岸工程”。叶文洁以太阳为天线，向宇宙发出地球文明的第一声啼鸣，取得了探寻外星文明的突破性进展。三颗无规则运行的太阳主导下，四光年外的“三体文明”百余次毁灭与重生，正被逼迫不得不逃离母星，而恰在此时，他们接收到了地球发来的信息。对人性绝望的叶文洁向三体人暴露了地球的坐标，彻底改变了人类的命运。\r\n地球的基础科学出现了异常的扰动，纳米科学家汪淼进入神秘的网络游戏《三体》，开始逐步逼近这个世界的真相。汪淼参加一次玩家聚会时，接触到了地球上应对三体人到来而形成的一个秘密组织（ETO）。地球防卫组织中国区作战中心通过“古筝计划”，一定程度上挫败了拯救派和降临派扰乱人类科学界和其他领域思想的图谋，获悉处于困境之中的三体人为了得到一个能够稳定生存的世界决定入侵地球。\r\n在运用超技术锁死地球人的基础科学之后，庞大的三体舰队开始向地球进发，人类的末日悄然来临。','2019-08-30','images/st.jpg',3,0,0),(149,'亦筝笙','故事背景是民国时期，讲述了男女主角相遇在朔方战火、烽烟乱世之中，携手白头的故事。','1 、握紧刺刀的时候，他最后看了一眼天边，那天幕被血与火的红和浓烟的黑层层遮蔽，寻不到半分蓝意。　不期然地又想到了那一幅画，蔚蓝的天空下，他抱着那个小小的女孩儿，而她，微笑着挽着他的手。\r\n原谅我，亦笙，我错过了靖靖的出生，大概，又要再错过她的成长了。\r\n原谅我，亦笙，这一世，不能再陪你走下去。\r\n原谅我，亦笙，明知这乱世维艰，却还是想让你好好活着，代替我的眼睛，看着日本人被赶出中国，看我泱泱中华，终有一日，扬威国际。\r\n原谅我，亦笙，有一句话，我一直知道它的意思，却从没有对你说过。　Jetaime，亦笙，我爱你。\r\n2、为国效命，虽死之日，犹生之年，开始战斗吧！\r\n3、太平本是将军定，不许将军见太平。\r\n4、军人之职，守土为国。无论如何请在座诸位谨记，勿忘国殇，奋发图强，效命沙场，报效国家。\r\n5、父帅刚才不是说了，军人最大的本分和实力，就是这一股子不怕死的气性，可是我看见她，大概就不想死了。\r\n6、十万青年十万军，国难岂待儿孙平——就让这场战事止于你我之辈，留给后代一个太平盛世吧。\r\n7那上面刊登着一幅照片，一个旗袍女子，挽着戎装的将军，美人名将，羡煞旁人。\r\n8、家可破，国，不能亡。','2019-08-30','images/yzs.jpg',4,0,0),(150,'清平调','云想衣裳花想容\r\n春风拂槛露华浓','云想衣裳花想容\r\n春风拂槛露华浓\r\n若非群玉山头见\r\n会向瑶台月下逢\r\n一枝红艳露凝香\r\n云雨巫山枉断肠\r\n借问汉宫谁得似\r\n可怜飞燕倚新妆\r\n名花倾国两相欢\r\n常得君王带笑看\r\n解释春风无限恨\r\n沉香亭北倚阑干\r\n解释春风无限恨\r\n沉香亭北倚阑干\r\n云想衣裳花想容\r\n春风拂槛露华浓\r\n若非群玉山头见\r\n会向瑶台月下逢\r\n一枝红艳露凝香\r\n云雨巫山枉断肠\r\n借问汉宫谁得似\r\n可怜飞燕倚新妆\r\n名花倾国两相欢\r\n常得君王带笑看\r\n解释春风无限恨\r\n沉香亭北倚阑干\r\n解释春风无限恨\r\n沉香亭北倚阑干\r\n解释春风无限恨\r\n沉香亭北倚阑干','2019-08-28','images/lb_0BaUHy3.jpg',2,0,0),(151,'三体','讲述了地球人类文明和三体文明的信息交流、生死搏杀及两个文明在宇宙中的兴衰历程。其第一部经过刘宇昆翻译后获得了第73届雨果奖最佳长篇小说奖。','文化大革命如火如荼地进行，天文学家叶文洁在期间历经劫难，被带到军方绝秘计划“红岸工程”。叶文洁以太阳为天线，向宇宙发出地球文明的第一声啼鸣，取得了探寻外星文明的突破性进展。三颗无规则运行的太阳主导下，四光年外的“三体文明”百余次毁灭与重生，正被逼迫不得不逃离母星，而恰在此时，他们接收到了地球发来的信息。对人性绝望的叶文洁向三体人暴露了地球的坐标，彻底改变了人类的命运。\r\n地球的基础科学出现了异常的扰动，纳米科学家汪淼进入神秘的网络游戏《三体》，开始逐步逼近这个世界的真相。汪淼参加一次玩家聚会时，接触到了地球上应对三体人到来而形成的一个秘密组织（ETO）。地球防卫组织中国区作战中心通过“古筝计划”，一定程度上挫败了拯救派和降临派扰乱人类科学界和其他领域思想的图谋，获悉处于困境之中的三体人为了得到一个能够稳定生存的世界决定入侵地球。\r\n在运用超技术锁死地球人的基础科学之后，庞大的三体舰队开始向地球进发，人类的末日悄然来临。','2019-08-30','images/st.jpg',3,0,0),(152,'亦筝笙','故事背景是民国时期，讲述了男女主角相遇在朔方战火、烽烟乱世之中，携手白头的故事。','1 、握紧刺刀的时候，他最后看了一眼天边，那天幕被血与火的红和浓烟的黑层层遮蔽，寻不到半分蓝意。　不期然地又想到了那一幅画，蔚蓝的天空下，他抱着那个小小的女孩儿，而她，微笑着挽着他的手。\r\n原谅我，亦笙，我错过了靖靖的出生，大概，又要再错过她的成长了。\r\n原谅我，亦笙，这一世，不能再陪你走下去。\r\n原谅我，亦笙，明知这乱世维艰，却还是想让你好好活着，代替我的眼睛，看着日本人被赶出中国，看我泱泱中华，终有一日，扬威国际。\r\n原谅我，亦笙，有一句话，我一直知道它的意思，却从没有对你说过。　Jetaime，亦笙，我爱你。\r\n2、为国效命，虽死之日，犹生之年，开始战斗吧！\r\n3、太平本是将军定，不许将军见太平。\r\n4、军人之职，守土为国。无论如何请在座诸位谨记，勿忘国殇，奋发图强，效命沙场，报效国家。\r\n5、父帅刚才不是说了，军人最大的本分和实力，就是这一股子不怕死的气性，可是我看见她，大概就不想死了。\r\n6、十万青年十万军，国难岂待儿孙平——就让这场战事止于你我之辈，留给后代一个太平盛世吧。\r\n7那上面刊登着一幅照片，一个旗袍女子，挽着戎装的将军，美人名将，羡煞旁人。\r\n8、家可破，国，不能亡。','2019-08-30','images/yzs.jpg',4,0,0),(153,'清平调','云想衣裳花想容\r\n春风拂槛露华浓','云想衣裳花想容\r\n春风拂槛露华浓\r\n若非群玉山头见\r\n会向瑶台月下逢\r\n一枝红艳露凝香\r\n云雨巫山枉断肠\r\n借问汉宫谁得似\r\n可怜飞燕倚新妆\r\n名花倾国两相欢\r\n常得君王带笑看\r\n解释春风无限恨\r\n沉香亭北倚阑干\r\n解释春风无限恨\r\n沉香亭北倚阑干\r\n云想衣裳花想容\r\n春风拂槛露华浓\r\n若非群玉山头见\r\n会向瑶台月下逢\r\n一枝红艳露凝香\r\n云雨巫山枉断肠\r\n借问汉宫谁得似\r\n可怜飞燕倚新妆\r\n名花倾国两相欢\r\n常得君王带笑看\r\n解释春风无限恨\r\n沉香亭北倚阑干\r\n解释春风无限恨\r\n沉香亭北倚阑干\r\n解释春风无限恨\r\n沉香亭北倚阑干','2019-08-30','images/lb_0BaUHy3.jpg',2,0,0),(154,'三体','讲述了地球人类文明和三体文明的信息交流、生死搏杀及两个文明在宇宙中的兴衰历程。其第一部经过刘宇昆翻译后获得了第73届雨果奖最佳长篇小说奖。','文化大革命如火如荼地进行，天文学家叶文洁在期间历经劫难，被带到军方绝秘计划“红岸工程”。叶文洁以太阳为天线，向宇宙发出地球文明的第一声啼鸣，取得了探寻外星文明的突破性进展。三颗无规则运行的太阳主导下，四光年外的“三体文明”百余次毁灭与重生，正被逼迫不得不逃离母星，而恰在此时，他们接收到了地球发来的信息。对人性绝望的叶文洁向三体人暴露了地球的坐标，彻底改变了人类的命运。\r\n地球的基础科学出现了异常的扰动，纳米科学家汪淼进入神秘的网络游戏《三体》，开始逐步逼近这个世界的真相。汪淼参加一次玩家聚会时，接触到了地球上应对三体人到来而形成的一个秘密组织（ETO）。地球防卫组织中国区作战中心通过“古筝计划”，一定程度上挫败了拯救派和降临派扰乱人类科学界和其他领域思想的图谋，获悉处于困境之中的三体人为了得到一个能够稳定生存的世界决定入侵地球。\r\n在运用超技术锁死地球人的基础科学之后，庞大的三体舰队开始向地球进发，人类的末日悄然来临。','2019-08-30','images/st.jpg',3,0,0),(155,'亦筝笙','故事背景是民国时期，讲述了男女主角相遇在朔方战火、烽烟乱世之中，携手白头的故事。','1 、握紧刺刀的时候，他最后看了一眼天边，那天幕被血与火的红和浓烟的黑层层遮蔽，寻不到半分蓝意。　不期然地又想到了那一幅画，蔚蓝的天空下，他抱着那个小小的女孩儿，而她，微笑着挽着他的手。\r\n原谅我，亦笙，我错过了靖靖的出生，大概，又要再错过她的成长了。\r\n原谅我，亦笙，这一世，不能再陪你走下去。\r\n原谅我，亦笙，明知这乱世维艰，却还是想让你好好活着，代替我的眼睛，看着日本人被赶出中国，看我泱泱中华，终有一日，扬威国际。\r\n原谅我，亦笙，有一句话，我一直知道它的意思，却从没有对你说过。　Jetaime，亦笙，我爱你。\r\n2、为国效命，虽死之日，犹生之年，开始战斗吧！\r\n3、太平本是将军定，不许将军见太平。\r\n4、军人之职，守土为国。无论如何请在座诸位谨记，勿忘国殇，奋发图强，效命沙场，报效国家。\r\n5、父帅刚才不是说了，军人最大的本分和实力，就是这一股子不怕死的气性，可是我看见她，大概就不想死了。\r\n6、十万青年十万军，国难岂待儿孙平——就让这场战事止于你我之辈，留给后代一个太平盛世吧。\r\n7那上面刊登着一幅照片，一个旗袍女子，挽着戎装的将军，美人名将，羡煞旁人。\r\n8、家可破，国，不能亡。','2019-08-30','images/yzs.jpg',4,0,0),(156,'清平调','云想衣裳花想容\r\n春风拂槛露华浓','云想衣裳花想容\r\n春风拂槛露华浓\r\n若非群玉山头见\r\n会向瑶台月下逢\r\n一枝红艳露凝香\r\n云雨巫山枉断肠\r\n借问汉宫谁得似\r\n可怜飞燕倚新妆\r\n名花倾国两相欢\r\n常得君王带笑看\r\n解释春风无限恨\r\n沉香亭北倚阑干\r\n解释春风无限恨\r\n沉香亭北倚阑干\r\n云想衣裳花想容\r\n春风拂槛露华浓\r\n若非群玉山头见\r\n会向瑶台月下逢\r\n一枝红艳露凝香\r\n云雨巫山枉断肠\r\n借问汉宫谁得似\r\n可怜飞燕倚新妆\r\n名花倾国两相欢\r\n常得君王带笑看\r\n解释春风无限恨\r\n沉香亭北倚阑干\r\n解释春风无限恨\r\n沉香亭北倚阑干\r\n解释春风无限恨\r\n沉香亭北倚阑干','2019-08-30','images/lb_0BaUHy3.jpg',2,0,0),(157,'三体','讲述了地球人类文明和三体文明的信息交流、生死搏杀及两个文明在宇宙中的兴衰历程。其第一部经过刘宇昆翻译后获得了第73届雨果奖最佳长篇小说奖。','文化大革命如火如荼地进行，天文学家叶文洁在期间历经劫难，被带到军方绝秘计划“红岸工程”。叶文洁以太阳为天线，向宇宙发出地球文明的第一声啼鸣，取得了探寻外星文明的突破性进展。三颗无规则运行的太阳主导下，四光年外的“三体文明”百余次毁灭与重生，正被逼迫不得不逃离母星，而恰在此时，他们接收到了地球发来的信息。对人性绝望的叶文洁向三体人暴露了地球的坐标，彻底改变了人类的命运。\r\n地球的基础科学出现了异常的扰动，纳米科学家汪淼进入神秘的网络游戏《三体》，开始逐步逼近这个世界的真相。汪淼参加一次玩家聚会时，接触到了地球上应对三体人到来而形成的一个秘密组织（ETO）。地球防卫组织中国区作战中心通过“古筝计划”，一定程度上挫败了拯救派和降临派扰乱人类科学界和其他领域思想的图谋，获悉处于困境之中的三体人为了得到一个能够稳定生存的世界决定入侵地球。\r\n在运用超技术锁死地球人的基础科学之后，庞大的三体舰队开始向地球进发，人类的末日悄然来临。','2019-08-30','images/st.jpg',3,0,0),(158,'亦筝笙','故事背景是民国时期，讲述了男女主角相遇在朔方战火、烽烟乱世之中，携手白头的故事。','1 、握紧刺刀的时候，他最后看了一眼天边，那天幕被血与火的红和浓烟的黑层层遮蔽，寻不到半分蓝意。　不期然地又想到了那一幅画，蔚蓝的天空下，他抱着那个小小的女孩儿，而她，微笑着挽着他的手。\r\n原谅我，亦笙，我错过了靖靖的出生，大概，又要再错过她的成长了。\r\n原谅我，亦笙，这一世，不能再陪你走下去。\r\n原谅我，亦笙，明知这乱世维艰，却还是想让你好好活着，代替我的眼睛，看着日本人被赶出中国，看我泱泱中华，终有一日，扬威国际。\r\n原谅我，亦笙，有一句话，我一直知道它的意思，却从没有对你说过。　Jetaime，亦笙，我爱你。\r\n2、为国效命，虽死之日，犹生之年，开始战斗吧！\r\n3、太平本是将军定，不许将军见太平。\r\n4、军人之职，守土为国。无论如何请在座诸位谨记，勿忘国殇，奋发图强，效命沙场，报效国家。\r\n5、父帅刚才不是说了，军人最大的本分和实力，就是这一股子不怕死的气性，可是我看见她，大概就不想死了。\r\n6、十万青年十万军，国难岂待儿孙平——就让这场战事止于你我之辈，留给后代一个太平盛世吧。\r\n7那上面刊登着一幅照片，一个旗袍女子，挽着戎装的将军，美人名将，羡煞旁人。\r\n8、家可破，国，不能亡。','2019-08-30','images/yzs.jpg',4,0,0),(159,'清平调','云想衣裳花想容\r\n春风拂槛露华浓','云想衣裳花想容\r\n春风拂槛露华浓\r\n若非群玉山头见\r\n会向瑶台月下逢\r\n一枝红艳露凝香\r\n云雨巫山枉断肠\r\n借问汉宫谁得似\r\n可怜飞燕倚新妆\r\n名花倾国两相欢\r\n常得君王带笑看\r\n解释春风无限恨\r\n沉香亭北倚阑干\r\n解释春风无限恨\r\n沉香亭北倚阑干\r\n云想衣裳花想容\r\n春风拂槛露华浓\r\n若非群玉山头见\r\n会向瑶台月下逢\r\n一枝红艳露凝香\r\n云雨巫山枉断肠\r\n借问汉宫谁得似\r\n可怜飞燕倚新妆\r\n名花倾国两相欢\r\n常得君王带笑看\r\n解释春风无限恨\r\n沉香亭北倚阑干\r\n解释春风无限恨\r\n沉香亭北倚阑干\r\n解释春风无限恨\r\n沉香亭北倚阑干','2019-08-30','images/lb_0BaUHy3.jpg',2,0,0),(160,'三体','讲述了地球人类文明和三体文明的信息交流、生死搏杀及两个文明在宇宙中的兴衰历程。其第一部经过刘宇昆翻译后获得了第73届雨果奖最佳长篇小说奖。','文化大革命如火如荼地进行，天文学家叶文洁在期间历经劫难，被带到军方绝秘计划“红岸工程”。叶文洁以太阳为天线，向宇宙发出地球文明的第一声啼鸣，取得了探寻外星文明的突破性进展。三颗无规则运行的太阳主导下，四光年外的“三体文明”百余次毁灭与重生，正被逼迫不得不逃离母星，而恰在此时，他们接收到了地球发来的信息。对人性绝望的叶文洁向三体人暴露了地球的坐标，彻底改变了人类的命运。\r\n地球的基础科学出现了异常的扰动，纳米科学家汪淼进入神秘的网络游戏《三体》，开始逐步逼近这个世界的真相。汪淼参加一次玩家聚会时，接触到了地球上应对三体人到来而形成的一个秘密组织（ETO）。地球防卫组织中国区作战中心通过“古筝计划”，一定程度上挫败了拯救派和降临派扰乱人类科学界和其他领域思想的图谋，获悉处于困境之中的三体人为了得到一个能够稳定生存的世界决定入侵地球。\r\n在运用超技术锁死地球人的基础科学之后，庞大的三体舰队开始向地球进发，人类的末日悄然来临。','2019-08-30','images/st.jpg',3,0,0),(161,'亦筝笙','故事背景是民国时期，讲述了男女主角相遇在朔方战火、烽烟乱世之中，携手白头的故事。','1 、握紧刺刀的时候，他最后看了一眼天边，那天幕被血与火的红和浓烟的黑层层遮蔽，寻不到半分蓝意。　不期然地又想到了那一幅画，蔚蓝的天空下，他抱着那个小小的女孩儿，而她，微笑着挽着他的手。\r\n原谅我，亦笙，我错过了靖靖的出生，大概，又要再错过她的成长了。\r\n原谅我，亦笙，这一世，不能再陪你走下去。\r\n原谅我，亦笙，明知这乱世维艰，却还是想让你好好活着，代替我的眼睛，看着日本人被赶出中国，看我泱泱中华，终有一日，扬威国际。\r\n原谅我，亦笙，有一句话，我一直知道它的意思，却从没有对你说过。　Jetaime，亦笙，我爱你。\r\n2、为国效命，虽死之日，犹生之年，开始战斗吧！\r\n3、太平本是将军定，不许将军见太平。\r\n4、军人之职，守土为国。无论如何请在座诸位谨记，勿忘国殇，奋发图强，效命沙场，报效国家。\r\n5、父帅刚才不是说了，军人最大的本分和实力，就是这一股子不怕死的气性，可是我看见她，大概就不想死了。\r\n6、十万青年十万军，国难岂待儿孙平——就让这场战事止于你我之辈，留给后代一个太平盛世吧。\r\n7那上面刊登着一幅照片，一个旗袍女子，挽着戎装的将军，美人名将，羡煞旁人。\r\n8、家可破，国，不能亡。','2019-08-30','images/yzs.jpg',4,0,0),(162,'清平调','云想衣裳花想容\r\n春风拂槛露华浓','云想衣裳花想容\r\n春风拂槛露华浓\r\n若非群玉山头见\r\n会向瑶台月下逢\r\n一枝红艳露凝香\r\n云雨巫山枉断肠\r\n借问汉宫谁得似\r\n可怜飞燕倚新妆\r\n名花倾国两相欢\r\n常得君王带笑看\r\n解释春风无限恨\r\n沉香亭北倚阑干\r\n解释春风无限恨\r\n沉香亭北倚阑干\r\n云想衣裳花想容\r\n春风拂槛露华浓\r\n若非群玉山头见\r\n会向瑶台月下逢\r\n一枝红艳露凝香\r\n云雨巫山枉断肠\r\n借问汉宫谁得似\r\n可怜飞燕倚新妆\r\n名花倾国两相欢\r\n常得君王带笑看\r\n解释春风无限恨\r\n沉香亭北倚阑干\r\n解释春风无限恨\r\n沉香亭北倚阑干\r\n解释春风无限恨\r\n沉香亭北倚阑干','2019-08-30','images/lb_0BaUHy3.jpg',2,0,0),(163,'三体','讲述了地球人类文明和三体文明的信息交流、生死搏杀及两个文明在宇宙中的兴衰历程。其第一部经过刘宇昆翻译后获得了第73届雨果奖最佳长篇小说奖。','文化大革命如火如荼地进行，天文学家叶文洁在期间历经劫难，被带到军方绝秘计划“红岸工程”。叶文洁以太阳为天线，向宇宙发出地球文明的第一声啼鸣，取得了探寻外星文明的突破性进展。三颗无规则运行的太阳主导下，四光年外的“三体文明”百余次毁灭与重生，正被逼迫不得不逃离母星，而恰在此时，他们接收到了地球发来的信息。对人性绝望的叶文洁向三体人暴露了地球的坐标，彻底改变了人类的命运。\r\n地球的基础科学出现了异常的扰动，纳米科学家汪淼进入神秘的网络游戏《三体》，开始逐步逼近这个世界的真相。汪淼参加一次玩家聚会时，接触到了地球上应对三体人到来而形成的一个秘密组织（ETO）。地球防卫组织中国区作战中心通过“古筝计划”，一定程度上挫败了拯救派和降临派扰乱人类科学界和其他领域思想的图谋，获悉处于困境之中的三体人为了得到一个能够稳定生存的世界决定入侵地球。\r\n在运用超技术锁死地球人的基础科学之后，庞大的三体舰队开始向地球进发，人类的末日悄然来临。','2019-08-30','images/st.jpg',3,0,0),(164,'亦筝笙','故事背景是民国时期，讲述了男女主角相遇在朔方战火、烽烟乱世之中，携手白头的故事。','1 、握紧刺刀的时候，他最后看了一眼天边，那天幕被血与火的红和浓烟的黑层层遮蔽，寻不到半分蓝意。　不期然地又想到了那一幅画，蔚蓝的天空下，他抱着那个小小的女孩儿，而她，微笑着挽着他的手。\r\n原谅我，亦笙，我错过了靖靖的出生，大概，又要再错过她的成长了。\r\n原谅我，亦笙，这一世，不能再陪你走下去。\r\n原谅我，亦笙，明知这乱世维艰，却还是想让你好好活着，代替我的眼睛，看着日本人被赶出中国，看我泱泱中华，终有一日，扬威国际。\r\n原谅我，亦笙，有一句话，我一直知道它的意思，却从没有对你说过。　Jetaime，亦笙，我爱你。\r\n2、为国效命，虽死之日，犹生之年，开始战斗吧！\r\n3、太平本是将军定，不许将军见太平。\r\n4、军人之职，守土为国。无论如何请在座诸位谨记，勿忘国殇，奋发图强，效命沙场，报效国家。\r\n5、父帅刚才不是说了，军人最大的本分和实力，就是这一股子不怕死的气性，可是我看见她，大概就不想死了。\r\n6、十万青年十万军，国难岂待儿孙平——就让这场战事止于你我之辈，留给后代一个太平盛世吧。\r\n7那上面刊登着一幅照片，一个旗袍女子，挽着戎装的将军，美人名将，羡煞旁人。\r\n8、家可破，国，不能亡。','2019-08-30','images/yzs.jpg',4,0,0),(165,'清平调','云想衣裳花想容\r\n春风拂槛露华浓','云想衣裳花想容\r\n春风拂槛露华浓\r\n若非群玉山头见\r\n会向瑶台月下逢\r\n一枝红艳露凝香\r\n云雨巫山枉断肠\r\n借问汉宫谁得似\r\n可怜飞燕倚新妆\r\n名花倾国两相欢\r\n常得君王带笑看\r\n解释春风无限恨\r\n沉香亭北倚阑干\r\n解释春风无限恨\r\n沉香亭北倚阑干\r\n云想衣裳花想容\r\n春风拂槛露华浓\r\n若非群玉山头见\r\n会向瑶台月下逢\r\n一枝红艳露凝香\r\n云雨巫山枉断肠\r\n借问汉宫谁得似\r\n可怜飞燕倚新妆\r\n名花倾国两相欢\r\n常得君王带笑看\r\n解释春风无限恨\r\n沉香亭北倚阑干\r\n解释春风无限恨\r\n沉香亭北倚阑干\r\n解释春风无限恨\r\n沉香亭北倚阑干','2019-08-30','images/lb_0BaUHy3.jpg',2,0,0),(166,'三体','讲述了地球人类文明和三体文明的信息交流、生死搏杀及两个文明在宇宙中的兴衰历程。其第一部经过刘宇昆翻译后获得了第73届雨果奖最佳长篇小说奖。','文化大革命如火如荼地进行，天文学家叶文洁在期间历经劫难，被带到军方绝秘计划“红岸工程”。叶文洁以太阳为天线，向宇宙发出地球文明的第一声啼鸣，取得了探寻外星文明的突破性进展。三颗无规则运行的太阳主导下，四光年外的“三体文明”百余次毁灭与重生，正被逼迫不得不逃离母星，而恰在此时，他们接收到了地球发来的信息。对人性绝望的叶文洁向三体人暴露了地球的坐标，彻底改变了人类的命运。\r\n地球的基础科学出现了异常的扰动，纳米科学家汪淼进入神秘的网络游戏《三体》，开始逐步逼近这个世界的真相。汪淼参加一次玩家聚会时，接触到了地球上应对三体人到来而形成的一个秘密组织（ETO）。地球防卫组织中国区作战中心通过“古筝计划”，一定程度上挫败了拯救派和降临派扰乱人类科学界和其他领域思想的图谋，获悉处于困境之中的三体人为了得到一个能够稳定生存的世界决定入侵地球。\r\n在运用超技术锁死地球人的基础科学之后，庞大的三体舰队开始向地球进发，人类的末日悄然来临。','2019-08-30','images/st.jpg',3,0,0),(167,'亦筝笙','故事背景是民国时期，讲述了男女主角相遇在朔方战火、烽烟乱世之中，携手白头的故事。','1 、握紧刺刀的时候，他最后看了一眼天边，那天幕被血与火的红和浓烟的黑层层遮蔽，寻不到半分蓝意。　不期然地又想到了那一幅画，蔚蓝的天空下，他抱着那个小小的女孩儿，而她，微笑着挽着他的手。\r\n原谅我，亦笙，我错过了靖靖的出生，大概，又要再错过她的成长了。\r\n原谅我，亦笙，这一世，不能再陪你走下去。\r\n原谅我，亦笙，明知这乱世维艰，却还是想让你好好活着，代替我的眼睛，看着日本人被赶出中国，看我泱泱中华，终有一日，扬威国际。\r\n原谅我，亦笙，有一句话，我一直知道它的意思，却从没有对你说过。　Jetaime，亦笙，我爱你。\r\n2、为国效命，虽死之日，犹生之年，开始战斗吧！\r\n3、太平本是将军定，不许将军见太平。\r\n4、军人之职，守土为国。无论如何请在座诸位谨记，勿忘国殇，奋发图强，效命沙场，报效国家。\r\n5、父帅刚才不是说了，军人最大的本分和实力，就是这一股子不怕死的气性，可是我看见她，大概就不想死了。\r\n6、十万青年十万军，国难岂待儿孙平——就让这场战事止于你我之辈，留给后代一个太平盛世吧。\r\n7那上面刊登着一幅照片，一个旗袍女子，挽着戎装的将军，美人名将，羡煞旁人。\r\n8、家可破，国，不能亡。','2019-08-30','images/yzs.jpg',4,0,0),(168,'清平调','云想衣裳花想容\r\n春风拂槛露华浓','云想衣裳花想容\r\n春风拂槛露华浓\r\n若非群玉山头见\r\n会向瑶台月下逢\r\n一枝红艳露凝香\r\n云雨巫山枉断肠\r\n借问汉宫谁得似\r\n可怜飞燕倚新妆\r\n名花倾国两相欢\r\n常得君王带笑看\r\n解释春风无限恨\r\n沉香亭北倚阑干\r\n解释春风无限恨\r\n沉香亭北倚阑干\r\n云想衣裳花想容\r\n春风拂槛露华浓\r\n若非群玉山头见\r\n会向瑶台月下逢\r\n一枝红艳露凝香\r\n云雨巫山枉断肠\r\n借问汉宫谁得似\r\n可怜飞燕倚新妆\r\n名花倾国两相欢\r\n常得君王带笑看\r\n解释春风无限恨\r\n沉香亭北倚阑干\r\n解释春风无限恨\r\n沉香亭北倚阑干\r\n解释春风无限恨\r\n沉香亭北倚阑干','2019-08-30','images/lb_0BaUHy3.jpg',2,0,0),(169,'三体','讲述了地球人类文明和三体文明的信息交流、生死搏杀及两个文明在宇宙中的兴衰历程。其第一部经过刘宇昆翻译后获得了第73届雨果奖最佳长篇小说奖。','文化大革命如火如荼地进行，天文学家叶文洁在期间历经劫难，被带到军方绝秘计划“红岸工程”。叶文洁以太阳为天线，向宇宙发出地球文明的第一声啼鸣，取得了探寻外星文明的突破性进展。三颗无规则运行的太阳主导下，四光年外的“三体文明”百余次毁灭与重生，正被逼迫不得不逃离母星，而恰在此时，他们接收到了地球发来的信息。对人性绝望的叶文洁向三体人暴露了地球的坐标，彻底改变了人类的命运。\r\n地球的基础科学出现了异常的扰动，纳米科学家汪淼进入神秘的网络游戏《三体》，开始逐步逼近这个世界的真相。汪淼参加一次玩家聚会时，接触到了地球上应对三体人到来而形成的一个秘密组织（ETO）。地球防卫组织中国区作战中心通过“古筝计划”，一定程度上挫败了拯救派和降临派扰乱人类科学界和其他领域思想的图谋，获悉处于困境之中的三体人为了得到一个能够稳定生存的世界决定入侵地球。\r\n在运用超技术锁死地球人的基础科学之后，庞大的三体舰队开始向地球进发，人类的末日悄然来临。','2019-08-30','images/st.jpg',3,0,0),(170,'亦筝笙','故事背景是民国时期，讲述了男女主角相遇在朔方战火、烽烟乱世之中，携手白头的故事。','1 、握紧刺刀的时候，他最后看了一眼天边，那天幕被血与火的红和浓烟的黑层层遮蔽，寻不到半分蓝意。　不期然地又想到了那一幅画，蔚蓝的天空下，他抱着那个小小的女孩儿，而她，微笑着挽着他的手。\r\n原谅我，亦笙，我错过了靖靖的出生，大概，又要再错过她的成长了。\r\n原谅我，亦笙，这一世，不能再陪你走下去。\r\n原谅我，亦笙，明知这乱世维艰，却还是想让你好好活着，代替我的眼睛，看着日本人被赶出中国，看我泱泱中华，终有一日，扬威国际。\r\n原谅我，亦笙，有一句话，我一直知道它的意思，却从没有对你说过。　Jetaime，亦笙，我爱你。\r\n2、为国效命，虽死之日，犹生之年，开始战斗吧！\r\n3、太平本是将军定，不许将军见太平。\r\n4、军人之职，守土为国。无论如何请在座诸位谨记，勿忘国殇，奋发图强，效命沙场，报效国家。\r\n5、父帅刚才不是说了，军人最大的本分和实力，就是这一股子不怕死的气性，可是我看见她，大概就不想死了。\r\n6、十万青年十万军，国难岂待儿孙平——就让这场战事止于你我之辈，留给后代一个太平盛世吧。\r\n7那上面刊登着一幅照片，一个旗袍女子，挽着戎装的将军，美人名将，羡煞旁人。\r\n8、家可破，国，不能亡。','2019-08-30','images/yzs.jpg',4,0,0),(171,'清平调','云想衣裳花想容\r\n春风拂槛露华浓','云想衣裳花想容\r\n春风拂槛露华浓\r\n若非群玉山头见\r\n会向瑶台月下逢\r\n一枝红艳露凝香\r\n云雨巫山枉断肠\r\n借问汉宫谁得似\r\n可怜飞燕倚新妆\r\n名花倾国两相欢\r\n常得君王带笑看\r\n解释春风无限恨\r\n沉香亭北倚阑干\r\n解释春风无限恨\r\n沉香亭北倚阑干\r\n云想衣裳花想容\r\n春风拂槛露华浓\r\n若非群玉山头见\r\n会向瑶台月下逢\r\n一枝红艳露凝香\r\n云雨巫山枉断肠\r\n借问汉宫谁得似\r\n可怜飞燕倚新妆\r\n名花倾国两相欢\r\n常得君王带笑看\r\n解释春风无限恨\r\n沉香亭北倚阑干\r\n解释春风无限恨\r\n沉香亭北倚阑干\r\n解释春风无限恨\r\n沉香亭北倚阑干','2019-08-30','images/lb_0BaUHy3.jpg',2,0,0),(172,'三体','讲述了地球人类文明和三体文明的信息交流、生死搏杀及两个文明在宇宙中的兴衰历程。其第一部经过刘宇昆翻译后获得了第73届雨果奖最佳长篇小说奖。','文化大革命如火如荼地进行，天文学家叶文洁在期间历经劫难，被带到军方绝秘计划“红岸工程”。叶文洁以太阳为天线，向宇宙发出地球文明的第一声啼鸣，取得了探寻外星文明的突破性进展。三颗无规则运行的太阳主导下，四光年外的“三体文明”百余次毁灭与重生，正被逼迫不得不逃离母星，而恰在此时，他们接收到了地球发来的信息。对人性绝望的叶文洁向三体人暴露了地球的坐标，彻底改变了人类的命运。\r\n地球的基础科学出现了异常的扰动，纳米科学家汪淼进入神秘的网络游戏《三体》，开始逐步逼近这个世界的真相。汪淼参加一次玩家聚会时，接触到了地球上应对三体人到来而形成的一个秘密组织（ETO）。地球防卫组织中国区作战中心通过“古筝计划”，一定程度上挫败了拯救派和降临派扰乱人类科学界和其他领域思想的图谋，获悉处于困境之中的三体人为了得到一个能够稳定生存的世界决定入侵地球。\r\n在运用超技术锁死地球人的基础科学之后，庞大的三体舰队开始向地球进发，人类的末日悄然来临。','2019-08-30','images/st.jpg',3,0,0),(173,'亦筝笙','故事背景是民国时期，讲述了男女主角相遇在朔方战火、烽烟乱世之中，携手白头的故事。','1 、握紧刺刀的时候，他最后看了一眼天边，那天幕被血与火的红和浓烟的黑层层遮蔽，寻不到半分蓝意。　不期然地又想到了那一幅画，蔚蓝的天空下，他抱着那个小小的女孩儿，而她，微笑着挽着他的手。\r\n原谅我，亦笙，我错过了靖靖的出生，大概，又要再错过她的成长了。\r\n原谅我，亦笙，这一世，不能再陪你走下去。\r\n原谅我，亦笙，明知这乱世维艰，却还是想让你好好活着，代替我的眼睛，看着日本人被赶出中国，看我泱泱中华，终有一日，扬威国际。\r\n原谅我，亦笙，有一句话，我一直知道它的意思，却从没有对你说过。　Jetaime，亦笙，我爱你。\r\n2、为国效命，虽死之日，犹生之年，开始战斗吧！\r\n3、太平本是将军定，不许将军见太平。\r\n4、军人之职，守土为国。无论如何请在座诸位谨记，勿忘国殇，奋发图强，效命沙场，报效国家。\r\n5、父帅刚才不是说了，军人最大的本分和实力，就是这一股子不怕死的气性，可是我看见她，大概就不想死了。\r\n6、十万青年十万军，国难岂待儿孙平——就让这场战事止于你我之辈，留给后代一个太平盛世吧。\r\n7那上面刊登着一幅照片，一个旗袍女子，挽着戎装的将军，美人名将，羡煞旁人。\r\n8、家可破，国，不能亡。','2019-08-30','images/yzs.jpg',4,0,0),(174,'清平调','云想衣裳花想容\r\n春风拂槛露华浓','云想衣裳花想容\r\n春风拂槛露华浓\r\n若非群玉山头见\r\n会向瑶台月下逢\r\n一枝红艳露凝香\r\n云雨巫山枉断肠\r\n借问汉宫谁得似\r\n可怜飞燕倚新妆\r\n名花倾国两相欢\r\n常得君王带笑看\r\n解释春风无限恨\r\n沉香亭北倚阑干\r\n解释春风无限恨\r\n沉香亭北倚阑干\r\n云想衣裳花想容\r\n春风拂槛露华浓\r\n若非群玉山头见\r\n会向瑶台月下逢\r\n一枝红艳露凝香\r\n云雨巫山枉断肠\r\n借问汉宫谁得似\r\n可怜飞燕倚新妆\r\n名花倾国两相欢\r\n常得君王带笑看\r\n解释春风无限恨\r\n沉香亭北倚阑干\r\n解释春风无限恨\r\n沉香亭北倚阑干\r\n解释春风无限恨\r\n沉香亭北倚阑干','2019-08-30','images/lb_0BaUHy3.jpg',2,0,0),(175,'三体','讲述了地球人类文明和三体文明的信息交流、生死搏杀及两个文明在宇宙中的兴衰历程。其第一部经过刘宇昆翻译后获得了第73届雨果奖最佳长篇小说奖。','文化大革命如火如荼地进行，天文学家叶文洁在期间历经劫难，被带到军方绝秘计划“红岸工程”。叶文洁以太阳为天线，向宇宙发出地球文明的第一声啼鸣，取得了探寻外星文明的突破性进展。三颗无规则运行的太阳主导下，四光年外的“三体文明”百余次毁灭与重生，正被逼迫不得不逃离母星，而恰在此时，他们接收到了地球发来的信息。对人性绝望的叶文洁向三体人暴露了地球的坐标，彻底改变了人类的命运。\r\n地球的基础科学出现了异常的扰动，纳米科学家汪淼进入神秘的网络游戏《三体》，开始逐步逼近这个世界的真相。汪淼参加一次玩家聚会时，接触到了地球上应对三体人到来而形成的一个秘密组织（ETO）。地球防卫组织中国区作战中心通过“古筝计划”，一定程度上挫败了拯救派和降临派扰乱人类科学界和其他领域思想的图谋，获悉处于困境之中的三体人为了得到一个能够稳定生存的世界决定入侵地球。\r\n在运用超技术锁死地球人的基础科学之后，庞大的三体舰队开始向地球进发，人类的末日悄然来临。','2019-08-30','images/st.jpg',3,0,0),(176,'亦筝笙','故事背景是民国时期，讲述了男女主角相遇在朔方战火、烽烟乱世之中，携手白头的故事。','1 、握紧刺刀的时候，他最后看了一眼天边，那天幕被血与火的红和浓烟的黑层层遮蔽，寻不到半分蓝意。　不期然地又想到了那一幅画，蔚蓝的天空下，他抱着那个小小的女孩儿，而她，微笑着挽着他的手。\r\n原谅我，亦笙，我错过了靖靖的出生，大概，又要再错过她的成长了。\r\n原谅我，亦笙，这一世，不能再陪你走下去。\r\n原谅我，亦笙，明知这乱世维艰，却还是想让你好好活着，代替我的眼睛，看着日本人被赶出中国，看我泱泱中华，终有一日，扬威国际。\r\n原谅我，亦笙，有一句话，我一直知道它的意思，却从没有对你说过。　Jetaime，亦笙，我爱你。\r\n2、为国效命，虽死之日，犹生之年，开始战斗吧！\r\n3、太平本是将军定，不许将军见太平。\r\n4、军人之职，守土为国。无论如何请在座诸位谨记，勿忘国殇，奋发图强，效命沙场，报效国家。\r\n5、父帅刚才不是说了，军人最大的本分和实力，就是这一股子不怕死的气性，可是我看见她，大概就不想死了。\r\n6、十万青年十万军，国难岂待儿孙平——就让这场战事止于你我之辈，留给后代一个太平盛世吧。\r\n7那上面刊登着一幅照片，一个旗袍女子，挽着戎装的将军，美人名将，羡煞旁人。\r\n8、家可破，国，不能亡。','2019-08-30','images/yzs.jpg',4,0,0),(177,'清平调','云想衣裳花想容\r\n春风拂槛露华浓','云想衣裳花想容\r\n春风拂槛露华浓\r\n若非群玉山头见\r\n会向瑶台月下逢\r\n一枝红艳露凝香\r\n云雨巫山枉断肠\r\n借问汉宫谁得似\r\n可怜飞燕倚新妆\r\n名花倾国两相欢\r\n常得君王带笑看\r\n解释春风无限恨\r\n沉香亭北倚阑干\r\n解释春风无限恨\r\n沉香亭北倚阑干\r\n云想衣裳花想容\r\n春风拂槛露华浓\r\n若非群玉山头见\r\n会向瑶台月下逢\r\n一枝红艳露凝香\r\n云雨巫山枉断肠\r\n借问汉宫谁得似\r\n可怜飞燕倚新妆\r\n名花倾国两相欢\r\n常得君王带笑看\r\n解释春风无限恨\r\n沉香亭北倚阑干\r\n解释春风无限恨\r\n沉香亭北倚阑干\r\n解释春风无限恨\r\n沉香亭北倚阑干','2019-08-30','images/lb_0BaUHy3.jpg',2,0,0),(178,'三体','讲述了地球人类文明和三体文明的信息交流、生死搏杀及两个文明在宇宙中的兴衰历程。其第一部经过刘宇昆翻译后获得了第73届雨果奖最佳长篇小说奖。','文化大革命如火如荼地进行，天文学家叶文洁在期间历经劫难，被带到军方绝秘计划“红岸工程”。叶文洁以太阳为天线，向宇宙发出地球文明的第一声啼鸣，取得了探寻外星文明的突破性进展。三颗无规则运行的太阳主导下，四光年外的“三体文明”百余次毁灭与重生，正被逼迫不得不逃离母星，而恰在此时，他们接收到了地球发来的信息。对人性绝望的叶文洁向三体人暴露了地球的坐标，彻底改变了人类的命运。\r\n地球的基础科学出现了异常的扰动，纳米科学家汪淼进入神秘的网络游戏《三体》，开始逐步逼近这个世界的真相。汪淼参加一次玩家聚会时，接触到了地球上应对三体人到来而形成的一个秘密组织（ETO）。地球防卫组织中国区作战中心通过“古筝计划”，一定程度上挫败了拯救派和降临派扰乱人类科学界和其他领域思想的图谋，获悉处于困境之中的三体人为了得到一个能够稳定生存的世界决定入侵地球。\r\n在运用超技术锁死地球人的基础科学之后，庞大的三体舰队开始向地球进发，人类的末日悄然来临。','2019-08-30','images/st.jpg',3,0,0),(179,'亦筝笙','故事背景是民国时期，讲述了男女主角相遇在朔方战火、烽烟乱世之中，携手白头的故事。','1 、握紧刺刀的时候，他最后看了一眼天边，那天幕被血与火的红和浓烟的黑层层遮蔽，寻不到半分蓝意。　不期然地又想到了那一幅画，蔚蓝的天空下，他抱着那个小小的女孩儿，而她，微笑着挽着他的手。\r\n原谅我，亦笙，我错过了靖靖的出生，大概，又要再错过她的成长了。\r\n原谅我，亦笙，这一世，不能再陪你走下去。\r\n原谅我，亦笙，明知这乱世维艰，却还是想让你好好活着，代替我的眼睛，看着日本人被赶出中国，看我泱泱中华，终有一日，扬威国际。\r\n原谅我，亦笙，有一句话，我一直知道它的意思，却从没有对你说过。　Jetaime，亦笙，我爱你。\r\n2、为国效命，虽死之日，犹生之年，开始战斗吧！\r\n3、太平本是将军定，不许将军见太平。\r\n4、军人之职，守土为国。无论如何请在座诸位谨记，勿忘国殇，奋发图强，效命沙场，报效国家。\r\n5、父帅刚才不是说了，军人最大的本分和实力，就是这一股子不怕死的气性，可是我看见她，大概就不想死了。\r\n6、十万青年十万军，国难岂待儿孙平——就让这场战事止于你我之辈，留给后代一个太平盛世吧。\r\n7那上面刊登着一幅照片，一个旗袍女子，挽着戎装的将军，美人名将，羡煞旁人。\r\n8、家可破，国，不能亡。','2019-08-30','images/yzs.jpg',4,0,0),(180,'清平调','云想衣裳花想容\r\n春风拂槛露华浓','云想衣裳花想容\r\n春风拂槛露华浓\r\n若非群玉山头见\r\n会向瑶台月下逢\r\n一枝红艳露凝香\r\n云雨巫山枉断肠\r\n借问汉宫谁得似\r\n可怜飞燕倚新妆\r\n名花倾国两相欢\r\n常得君王带笑看\r\n解释春风无限恨\r\n沉香亭北倚阑干\r\n解释春风无限恨\r\n沉香亭北倚阑干\r\n云想衣裳花想容\r\n春风拂槛露华浓\r\n若非群玉山头见\r\n会向瑶台月下逢\r\n一枝红艳露凝香\r\n云雨巫山枉断肠\r\n借问汉宫谁得似\r\n可怜飞燕倚新妆\r\n名花倾国两相欢\r\n常得君王带笑看\r\n解释春风无限恨\r\n沉香亭北倚阑干\r\n解释春风无限恨\r\n沉香亭北倚阑干\r\n解释春风无限恨\r\n沉香亭北倚阑干','2019-08-30','images/lb_0BaUHy3.jpg',2,0,0),(181,'三体','讲述了地球人类文明和三体文明的信息交流、生死搏杀及两个文明在宇宙中的兴衰历程。其第一部经过刘宇昆翻译后获得了第73届雨果奖最佳长篇小说奖。','文化大革命如火如荼地进行，天文学家叶文洁在期间历经劫难，被带到军方绝秘计划“红岸工程”。叶文洁以太阳为天线，向宇宙发出地球文明的第一声啼鸣，取得了探寻外星文明的突破性进展。三颗无规则运行的太阳主导下，四光年外的“三体文明”百余次毁灭与重生，正被逼迫不得不逃离母星，而恰在此时，他们接收到了地球发来的信息。对人性绝望的叶文洁向三体人暴露了地球的坐标，彻底改变了人类的命运。\r\n地球的基础科学出现了异常的扰动，纳米科学家汪淼进入神秘的网络游戏《三体》，开始逐步逼近这个世界的真相。汪淼参加一次玩家聚会时，接触到了地球上应对三体人到来而形成的一个秘密组织（ETO）。地球防卫组织中国区作战中心通过“古筝计划”，一定程度上挫败了拯救派和降临派扰乱人类科学界和其他领域思想的图谋，获悉处于困境之中的三体人为了得到一个能够稳定生存的世界决定入侵地球。\r\n在运用超技术锁死地球人的基础科学之后，庞大的三体舰队开始向地球进发，人类的末日悄然来临。','2019-08-30','images/st.jpg',3,0,0),(182,'亦筝笙','故事背景是民国时期，讲述了男女主角相遇在朔方战火、烽烟乱世之中，携手白头的故事。','1 、握紧刺刀的时候，他最后看了一眼天边，那天幕被血与火的红和浓烟的黑层层遮蔽，寻不到半分蓝意。　不期然地又想到了那一幅画，蔚蓝的天空下，他抱着那个小小的女孩儿，而她，微笑着挽着他的手。\r\n原谅我，亦笙，我错过了靖靖的出生，大概，又要再错过她的成长了。\r\n原谅我，亦笙，这一世，不能再陪你走下去。\r\n原谅我，亦笙，明知这乱世维艰，却还是想让你好好活着，代替我的眼睛，看着日本人被赶出中国，看我泱泱中华，终有一日，扬威国际。\r\n原谅我，亦笙，有一句话，我一直知道它的意思，却从没有对你说过。　Jetaime，亦笙，我爱你。\r\n2、为国效命，虽死之日，犹生之年，开始战斗吧！\r\n3、太平本是将军定，不许将军见太平。\r\n4、军人之职，守土为国。无论如何请在座诸位谨记，勿忘国殇，奋发图强，效命沙场，报效国家。\r\n5、父帅刚才不是说了，军人最大的本分和实力，就是这一股子不怕死的气性，可是我看见她，大概就不想死了。\r\n6、十万青年十万军，国难岂待儿孙平——就让这场战事止于你我之辈，留给后代一个太平盛世吧。\r\n7那上面刊登着一幅照片，一个旗袍女子，挽着戎装的将军，美人名将，羡煞旁人。\r\n8、家可破，国，不能亡。','2019-08-30','images/yzs.jpg',4,0,0),(183,'清平调','云想衣裳花想容\r\n春风拂槛露华浓','云想衣裳花想容\r\n春风拂槛露华浓\r\n若非群玉山头见\r\n会向瑶台月下逢\r\n一枝红艳露凝香\r\n云雨巫山枉断肠\r\n借问汉宫谁得似\r\n可怜飞燕倚新妆\r\n名花倾国两相欢\r\n常得君王带笑看\r\n解释春风无限恨\r\n沉香亭北倚阑干\r\n解释春风无限恨\r\n沉香亭北倚阑干\r\n云想衣裳花想容\r\n春风拂槛露华浓\r\n若非群玉山头见\r\n会向瑶台月下逢\r\n一枝红艳露凝香\r\n云雨巫山枉断肠\r\n借问汉宫谁得似\r\n可怜飞燕倚新妆\r\n名花倾国两相欢\r\n常得君王带笑看\r\n解释春风无限恨\r\n沉香亭北倚阑干\r\n解释春风无限恨\r\n沉香亭北倚阑干\r\n解释春风无限恨\r\n沉香亭北倚阑干','2019-08-30','images/lb_0BaUHy3.jpg',2,0,0),(184,'三体','讲述了地球人类文明和三体文明的信息交流、生死搏杀及两个文明在宇宙中的兴衰历程。其第一部经过刘宇昆翻译后获得了第73届雨果奖最佳长篇小说奖。','文化大革命如火如荼地进行，天文学家叶文洁在期间历经劫难，被带到军方绝秘计划“红岸工程”。叶文洁以太阳为天线，向宇宙发出地球文明的第一声啼鸣，取得了探寻外星文明的突破性进展。三颗无规则运行的太阳主导下，四光年外的“三体文明”百余次毁灭与重生，正被逼迫不得不逃离母星，而恰在此时，他们接收到了地球发来的信息。对人性绝望的叶文洁向三体人暴露了地球的坐标，彻底改变了人类的命运。\r\n地球的基础科学出现了异常的扰动，纳米科学家汪淼进入神秘的网络游戏《三体》，开始逐步逼近这个世界的真相。汪淼参加一次玩家聚会时，接触到了地球上应对三体人到来而形成的一个秘密组织（ETO）。地球防卫组织中国区作战中心通过“古筝计划”，一定程度上挫败了拯救派和降临派扰乱人类科学界和其他领域思想的图谋，获悉处于困境之中的三体人为了得到一个能够稳定生存的世界决定入侵地球。\r\n在运用超技术锁死地球人的基础科学之后，庞大的三体舰队开始向地球进发，人类的末日悄然来临。','2019-08-30','images/st.jpg',3,0,0),(185,'亦筝笙','故事背景是民国时期，讲述了男女主角相遇在朔方战火、烽烟乱世之中，携手白头的故事。','1 、握紧刺刀的时候，他最后看了一眼天边，那天幕被血与火的红和浓烟的黑层层遮蔽，寻不到半分蓝意。　不期然地又想到了那一幅画，蔚蓝的天空下，他抱着那个小小的女孩儿，而她，微笑着挽着他的手。\r\n原谅我，亦笙，我错过了靖靖的出生，大概，又要再错过她的成长了。\r\n原谅我，亦笙，这一世，不能再陪你走下去。\r\n原谅我，亦笙，明知这乱世维艰，却还是想让你好好活着，代替我的眼睛，看着日本人被赶出中国，看我泱泱中华，终有一日，扬威国际。\r\n原谅我，亦笙，有一句话，我一直知道它的意思，却从没有对你说过。　Jetaime，亦笙，我爱你。\r\n2、为国效命，虽死之日，犹生之年，开始战斗吧！\r\n3、太平本是将军定，不许将军见太平。\r\n4、军人之职，守土为国。无论如何请在座诸位谨记，勿忘国殇，奋发图强，效命沙场，报效国家。\r\n5、父帅刚才不是说了，军人最大的本分和实力，就是这一股子不怕死的气性，可是我看见她，大概就不想死了。\r\n6、十万青年十万军，国难岂待儿孙平——就让这场战事止于你我之辈，留给后代一个太平盛世吧。\r\n7那上面刊登着一幅照片，一个旗袍女子，挽着戎装的将军，美人名将，羡煞旁人。\r\n8、家可破，国，不能亡。','2019-08-30','images/yzs.jpg',4,0,0),(186,'清平调','云想衣裳花想容\r\n春风拂槛露华浓','云想衣裳花想容\r\n春风拂槛露华浓\r\n若非群玉山头见\r\n会向瑶台月下逢\r\n一枝红艳露凝香\r\n云雨巫山枉断肠\r\n借问汉宫谁得似\r\n可怜飞燕倚新妆\r\n名花倾国两相欢\r\n常得君王带笑看\r\n解释春风无限恨\r\n沉香亭北倚阑干\r\n解释春风无限恨\r\n沉香亭北倚阑干\r\n云想衣裳花想容\r\n春风拂槛露华浓\r\n若非群玉山头见\r\n会向瑶台月下逢\r\n一枝红艳露凝香\r\n云雨巫山枉断肠\r\n借问汉宫谁得似\r\n可怜飞燕倚新妆\r\n名花倾国两相欢\r\n常得君王带笑看\r\n解释春风无限恨\r\n沉香亭北倚阑干\r\n解释春风无限恨\r\n沉香亭北倚阑干\r\n解释春风无限恨\r\n沉香亭北倚阑干','2019-08-30','images/lb_0BaUHy3.jpg',2,0,0),(187,'三体','讲述了地球人类文明和三体文明的信息交流、生死搏杀及两个文明在宇宙中的兴衰历程。其第一部经过刘宇昆翻译后获得了第73届雨果奖最佳长篇小说奖。','文化大革命如火如荼地进行，天文学家叶文洁在期间历经劫难，被带到军方绝秘计划“红岸工程”。叶文洁以太阳为天线，向宇宙发出地球文明的第一声啼鸣，取得了探寻外星文明的突破性进展。三颗无规则运行的太阳主导下，四光年外的“三体文明”百余次毁灭与重生，正被逼迫不得不逃离母星，而恰在此时，他们接收到了地球发来的信息。对人性绝望的叶文洁向三体人暴露了地球的坐标，彻底改变了人类的命运。\r\n地球的基础科学出现了异常的扰动，纳米科学家汪淼进入神秘的网络游戏《三体》，开始逐步逼近这个世界的真相。汪淼参加一次玩家聚会时，接触到了地球上应对三体人到来而形成的一个秘密组织（ETO）。地球防卫组织中国区作战中心通过“古筝计划”，一定程度上挫败了拯救派和降临派扰乱人类科学界和其他领域思想的图谋，获悉处于困境之中的三体人为了得到一个能够稳定生存的世界决定入侵地球。\r\n在运用超技术锁死地球人的基础科学之后，庞大的三体舰队开始向地球进发，人类的末日悄然来临。','2019-08-30','images/st.jpg',3,0,0),(188,'亦筝笙','故事背景是民国时期，讲述了男女主角相遇在朔方战火、烽烟乱世之中，携手白头的故事。','1 、握紧刺刀的时候，他最后看了一眼天边，那天幕被血与火的红和浓烟的黑层层遮蔽，寻不到半分蓝意。　不期然地又想到了那一幅画，蔚蓝的天空下，他抱着那个小小的女孩儿，而她，微笑着挽着他的手。\r\n原谅我，亦笙，我错过了靖靖的出生，大概，又要再错过她的成长了。\r\n原谅我，亦笙，这一世，不能再陪你走下去。\r\n原谅我，亦笙，明知这乱世维艰，却还是想让你好好活着，代替我的眼睛，看着日本人被赶出中国，看我泱泱中华，终有一日，扬威国际。\r\n原谅我，亦笙，有一句话，我一直知道它的意思，却从没有对你说过。　Jetaime，亦笙，我爱你。\r\n2、为国效命，虽死之日，犹生之年，开始战斗吧！\r\n3、太平本是将军定，不许将军见太平。\r\n4、军人之职，守土为国。无论如何请在座诸位谨记，勿忘国殇，奋发图强，效命沙场，报效国家。\r\n5、父帅刚才不是说了，军人最大的本分和实力，就是这一股子不怕死的气性，可是我看见她，大概就不想死了。\r\n6、十万青年十万军，国难岂待儿孙平——就让这场战事止于你我之辈，留给后代一个太平盛世吧。\r\n7那上面刊登着一幅照片，一个旗袍女子，挽着戎装的将军，美人名将，羡煞旁人。\r\n8、家可破，国，不能亡。','2019-08-30','images/yzs.jpg',4,0,0),(189,'清平调','云想衣裳花想容\r\n春风拂槛露华浓','云想衣裳花想容\r\n春风拂槛露华浓\r\n若非群玉山头见\r\n会向瑶台月下逢\r\n一枝红艳露凝香\r\n云雨巫山枉断肠\r\n借问汉宫谁得似\r\n可怜飞燕倚新妆\r\n名花倾国两相欢\r\n常得君王带笑看\r\n解释春风无限恨\r\n沉香亭北倚阑干\r\n解释春风无限恨\r\n沉香亭北倚阑干\r\n云想衣裳花想容\r\n春风拂槛露华浓\r\n若非群玉山头见\r\n会向瑶台月下逢\r\n一枝红艳露凝香\r\n云雨巫山枉断肠\r\n借问汉宫谁得似\r\n可怜飞燕倚新妆\r\n名花倾国两相欢\r\n常得君王带笑看\r\n解释春风无限恨\r\n沉香亭北倚阑干\r\n解释春风无限恨\r\n沉香亭北倚阑干\r\n解释春风无限恨\r\n沉香亭北倚阑干','2019-08-30','images/lb_0BaUHy3.jpg',2,0,0),(190,'三体','讲述了地球人类文明和三体文明的信息交流、生死搏杀及两个文明在宇宙中的兴衰历程。其第一部经过刘宇昆翻译后获得了第73届雨果奖最佳长篇小说奖。','文化大革命如火如荼地进行，天文学家叶文洁在期间历经劫难，被带到军方绝秘计划“红岸工程”。叶文洁以太阳为天线，向宇宙发出地球文明的第一声啼鸣，取得了探寻外星文明的突破性进展。三颗无规则运行的太阳主导下，四光年外的“三体文明”百余次毁灭与重生，正被逼迫不得不逃离母星，而恰在此时，他们接收到了地球发来的信息。对人性绝望的叶文洁向三体人暴露了地球的坐标，彻底改变了人类的命运。\r\n地球的基础科学出现了异常的扰动，纳米科学家汪淼进入神秘的网络游戏《三体》，开始逐步逼近这个世界的真相。汪淼参加一次玩家聚会时，接触到了地球上应对三体人到来而形成的一个秘密组织（ETO）。地球防卫组织中国区作战中心通过“古筝计划”，一定程度上挫败了拯救派和降临派扰乱人类科学界和其他领域思想的图谋，获悉处于困境之中的三体人为了得到一个能够稳定生存的世界决定入侵地球。\r\n在运用超技术锁死地球人的基础科学之后，庞大的三体舰队开始向地球进发，人类的末日悄然来临。','2019-08-30','images/st.jpg',3,0,0),(191,'亦筝笙','故事背景是民国时期，讲述了男女主角相遇在朔方战火、烽烟乱世之中，携手白头的故事。','1 、握紧刺刀的时候，他最后看了一眼天边，那天幕被血与火的红和浓烟的黑层层遮蔽，寻不到半分蓝意。　不期然地又想到了那一幅画，蔚蓝的天空下，他抱着那个小小的女孩儿，而她，微笑着挽着他的手。\r\n原谅我，亦笙，我错过了靖靖的出生，大概，又要再错过她的成长了。\r\n原谅我，亦笙，这一世，不能再陪你走下去。\r\n原谅我，亦笙，明知这乱世维艰，却还是想让你好好活着，代替我的眼睛，看着日本人被赶出中国，看我泱泱中华，终有一日，扬威国际。\r\n原谅我，亦笙，有一句话，我一直知道它的意思，却从没有对你说过。　Jetaime，亦笙，我爱你。\r\n2、为国效命，虽死之日，犹生之年，开始战斗吧！\r\n3、太平本是将军定，不许将军见太平。\r\n4、军人之职，守土为国。无论如何请在座诸位谨记，勿忘国殇，奋发图强，效命沙场，报效国家。\r\n5、父帅刚才不是说了，军人最大的本分和实力，就是这一股子不怕死的气性，可是我看见她，大概就不想死了。\r\n6、十万青年十万军，国难岂待儿孙平——就让这场战事止于你我之辈，留给后代一个太平盛世吧。\r\n7那上面刊登着一幅照片，一个旗袍女子，挽着戎装的将军，美人名将，羡煞旁人。\r\n8、家可破，国，不能亡。','2019-08-30','images/yzs.jpg',4,0,0),(192,'清平调','云想衣裳花想容\r\n春风拂槛露华浓','云想衣裳花想容\r\n春风拂槛露华浓\r\n若非群玉山头见\r\n会向瑶台月下逢\r\n一枝红艳露凝香\r\n云雨巫山枉断肠\r\n借问汉宫谁得似\r\n可怜飞燕倚新妆\r\n名花倾国两相欢\r\n常得君王带笑看\r\n解释春风无限恨\r\n沉香亭北倚阑干\r\n解释春风无限恨\r\n沉香亭北倚阑干\r\n云想衣裳花想容\r\n春风拂槛露华浓\r\n若非群玉山头见\r\n会向瑶台月下逢\r\n一枝红艳露凝香\r\n云雨巫山枉断肠\r\n借问汉宫谁得似\r\n可怜飞燕倚新妆\r\n名花倾国两相欢\r\n常得君王带笑看\r\n解释春风无限恨\r\n沉香亭北倚阑干\r\n解释春风无限恨\r\n沉香亭北倚阑干\r\n解释春风无限恨\r\n沉香亭北倚阑干','2019-08-30','images/lb_0BaUHy3.jpg',2,0,0),(193,'三体','讲述了地球人类文明和三体文明的信息交流、生死搏杀及两个文明在宇宙中的兴衰历程。其第一部经过刘宇昆翻译后获得了第73届雨果奖最佳长篇小说奖。','文化大革命如火如荼地进行，天文学家叶文洁在期间历经劫难，被带到军方绝秘计划“红岸工程”。叶文洁以太阳为天线，向宇宙发出地球文明的第一声啼鸣，取得了探寻外星文明的突破性进展。三颗无规则运行的太阳主导下，四光年外的“三体文明”百余次毁灭与重生，正被逼迫不得不逃离母星，而恰在此时，他们接收到了地球发来的信息。对人性绝望的叶文洁向三体人暴露了地球的坐标，彻底改变了人类的命运。\r\n地球的基础科学出现了异常的扰动，纳米科学家汪淼进入神秘的网络游戏《三体》，开始逐步逼近这个世界的真相。汪淼参加一次玩家聚会时，接触到了地球上应对三体人到来而形成的一个秘密组织（ETO）。地球防卫组织中国区作战中心通过“古筝计划”，一定程度上挫败了拯救派和降临派扰乱人类科学界和其他领域思想的图谋，获悉处于困境之中的三体人为了得到一个能够稳定生存的世界决定入侵地球。\r\n在运用超技术锁死地球人的基础科学之后，庞大的三体舰队开始向地球进发，人类的末日悄然来临。','2019-08-30','images/st.jpg',3,0,0),(194,'亦筝笙','故事背景是民国时期，讲述了男女主角相遇在朔方战火、烽烟乱世之中，携手白头的故事。','1 、握紧刺刀的时候，他最后看了一眼天边，那天幕被血与火的红和浓烟的黑层层遮蔽，寻不到半分蓝意。　不期然地又想到了那一幅画，蔚蓝的天空下，他抱着那个小小的女孩儿，而她，微笑着挽着他的手。\r\n原谅我，亦笙，我错过了靖靖的出生，大概，又要再错过她的成长了。\r\n原谅我，亦笙，这一世，不能再陪你走下去。\r\n原谅我，亦笙，明知这乱世维艰，却还是想让你好好活着，代替我的眼睛，看着日本人被赶出中国，看我泱泱中华，终有一日，扬威国际。\r\n原谅我，亦笙，有一句话，我一直知道它的意思，却从没有对你说过。　Jetaime，亦笙，我爱你。\r\n2、为国效命，虽死之日，犹生之年，开始战斗吧！\r\n3、太平本是将军定，不许将军见太平。\r\n4、军人之职，守土为国。无论如何请在座诸位谨记，勿忘国殇，奋发图强，效命沙场，报效国家。\r\n5、父帅刚才不是说了，军人最大的本分和实力，就是这一股子不怕死的气性，可是我看见她，大概就不想死了。\r\n6、十万青年十万军，国难岂待儿孙平——就让这场战事止于你我之辈，留给后代一个太平盛世吧。\r\n7那上面刊登着一幅照片，一个旗袍女子，挽着戎装的将军，美人名将，羡煞旁人。\r\n8、家可破，国，不能亡。','2019-08-30','images/yzs.jpg',4,0,0),(195,'清平调','云想衣裳花想容\r\n春风拂槛露华浓','云想衣裳花想容\r\n春风拂槛露华浓\r\n若非群玉山头见\r\n会向瑶台月下逢\r\n一枝红艳露凝香\r\n云雨巫山枉断肠\r\n借问汉宫谁得似\r\n可怜飞燕倚新妆\r\n名花倾国两相欢\r\n常得君王带笑看\r\n解释春风无限恨\r\n沉香亭北倚阑干\r\n解释春风无限恨\r\n沉香亭北倚阑干\r\n云想衣裳花想容\r\n春风拂槛露华浓\r\n若非群玉山头见\r\n会向瑶台月下逢\r\n一枝红艳露凝香\r\n云雨巫山枉断肠\r\n借问汉宫谁得似\r\n可怜飞燕倚新妆\r\n名花倾国两相欢\r\n常得君王带笑看\r\n解释春风无限恨\r\n沉香亭北倚阑干\r\n解释春风无限恨\r\n沉香亭北倚阑干\r\n解释春风无限恨\r\n沉香亭北倚阑干','2019-08-30','images/lb_0BaUHy3.jpg',2,0,0),(196,'三体','讲述了地球人类文明和三体文明的信息交流、生死搏杀及两个文明在宇宙中的兴衰历程。其第一部经过刘宇昆翻译后获得了第73届雨果奖最佳长篇小说奖。','文化大革命如火如荼地进行，天文学家叶文洁在期间历经劫难，被带到军方绝秘计划“红岸工程”。叶文洁以太阳为天线，向宇宙发出地球文明的第一声啼鸣，取得了探寻外星文明的突破性进展。三颗无规则运行的太阳主导下，四光年外的“三体文明”百余次毁灭与重生，正被逼迫不得不逃离母星，而恰在此时，他们接收到了地球发来的信息。对人性绝望的叶文洁向三体人暴露了地球的坐标，彻底改变了人类的命运。\r\n地球的基础科学出现了异常的扰动，纳米科学家汪淼进入神秘的网络游戏《三体》，开始逐步逼近这个世界的真相。汪淼参加一次玩家聚会时，接触到了地球上应对三体人到来而形成的一个秘密组织（ETO）。地球防卫组织中国区作战中心通过“古筝计划”，一定程度上挫败了拯救派和降临派扰乱人类科学界和其他领域思想的图谋，获悉处于困境之中的三体人为了得到一个能够稳定生存的世界决定入侵地球。\r\n在运用超技术锁死地球人的基础科学之后，庞大的三体舰队开始向地球进发，人类的末日悄然来临。','2019-08-30','images/st.jpg',3,0,0),(197,'亦筝笙','故事背景是民国时期，讲述了男女主角相遇在朔方战火、烽烟乱世之中，携手白头的故事。','1 、握紧刺刀的时候，他最后看了一眼天边，那天幕被血与火的红和浓烟的黑层层遮蔽，寻不到半分蓝意。　不期然地又想到了那一幅画，蔚蓝的天空下，他抱着那个小小的女孩儿，而她，微笑着挽着他的手。\r\n原谅我，亦笙，我错过了靖靖的出生，大概，又要再错过她的成长了。\r\n原谅我，亦笙，这一世，不能再陪你走下去。\r\n原谅我，亦笙，明知这乱世维艰，却还是想让你好好活着，代替我的眼睛，看着日本人被赶出中国，看我泱泱中华，终有一日，扬威国际。\r\n原谅我，亦笙，有一句话，我一直知道它的意思，却从没有对你说过。　Jetaime，亦笙，我爱你。\r\n2、为国效命，虽死之日，犹生之年，开始战斗吧！\r\n3、太平本是将军定，不许将军见太平。\r\n4、军人之职，守土为国。无论如何请在座诸位谨记，勿忘国殇，奋发图强，效命沙场，报效国家。\r\n5、父帅刚才不是说了，军人最大的本分和实力，就是这一股子不怕死的气性，可是我看见她，大概就不想死了。\r\n6、十万青年十万军，国难岂待儿孙平——就让这场战事止于你我之辈，留给后代一个太平盛世吧。\r\n7那上面刊登着一幅照片，一个旗袍女子，挽着戎装的将军，美人名将，羡煞旁人。\r\n8、家可破，国，不能亡。','2019-08-30','images/yzs.jpg',4,0,0),(198,'清平调198','云想衣裳花想容\r\n春风拂槛露华浓','云想衣裳花想容\r\n春风拂槛露华浓\r\n若非群玉山头见\r\n会向瑶台月下逢\r\n一枝红艳露凝香\r\n云雨巫山枉断肠\r\n借问汉宫谁得似\r\n可怜飞燕倚新妆\r\n名花倾国两相欢\r\n常得君王带笑看\r\n解释春风无限恨\r\n沉香亭北倚阑干\r\n解释春风无限恨\r\n沉香亭北倚阑干\r\n云想衣裳花想容\r\n春风拂槛露华浓\r\n若非群玉山头见\r\n会向瑶台月下逢\r\n一枝红艳露凝香\r\n云雨巫山枉断肠\r\n借问汉宫谁得似\r\n可怜飞燕倚新妆\r\n名花倾国两相欢\r\n常得君王带笑看\r\n解释春风无限恨\r\n沉香亭北倚阑干\r\n解释春风无限恨\r\n沉香亭北倚阑干\r\n解释春风无限恨\r\n沉香亭北倚阑干','2019-08-30','images/lb_0BaUHy3.jpg',2,0,0),(199,'三体199','讲述了地球人类文明和三体文明的信息交流、生死搏杀及两个文明在宇宙中的兴衰历程。其第一部经过刘宇昆翻译后获得了第73届雨果奖最佳长篇小说奖。','文化大革命如火如荼地进行，天文学家叶文洁在期间历经劫难，被带到军方绝秘计划“红岸工程”。叶文洁以太阳为天线，向宇宙发出地球文明的第一声啼鸣，取得了探寻外星文明的突破性进展。三颗无规则运行的太阳主导下，四光年外的“三体文明”百余次毁灭与重生，正被逼迫不得不逃离母星，而恰在此时，他们接收到了地球发来的信息。对人性绝望的叶文洁向三体人暴露了地球的坐标，彻底改变了人类的命运。\r\n地球的基础科学出现了异常的扰动，纳米科学家汪淼进入神秘的网络游戏《三体》，开始逐步逼近这个世界的真相。汪淼参加一次玩家聚会时，接触到了地球上应对三体人到来而形成的一个秘密组织（ETO）。地球防卫组织中国区作战中心通过“古筝计划”，一定程度上挫败了拯救派和降临派扰乱人类科学界和其他领域思想的图谋，获悉处于困境之中的三体人为了得到一个能够稳定生存的世界决定入侵地球。\r\n在运用超技术锁死地球人的基础科学之后，庞大的三体舰队开始向地球进发，人类的末日悄然来临。','2019-08-30','images/st.jpg',3,0,0),(200,'亦筝笙200','故事背景是民国时期，讲述了男女主角相遇在朔方战火、烽烟乱世之中，携手白头的故事。','1 、握紧刺刀的时候，他最后看了一眼天边，那天幕被血与火的红和浓烟的黑层层遮蔽，寻不到半分蓝意。　不期然地又想到了那一幅画，蔚蓝的天空下，他抱着那个小小的女孩儿，而她，微笑着挽着他的手。\r\n原谅我，亦笙，我错过了靖靖的出生，大概，又要再错过她的成长了。\r\n原谅我，亦笙，这一世，不能再陪你走下去。\r\n原谅我，亦笙，明知这乱世维艰，却还是想让你好好活着，代替我的眼睛，看着日本人被赶出中国，看我泱泱中华，终有一日，扬威国际。\r\n原谅我，亦笙，有一句话，我一直知道它的意思，却从没有对你说过。　Jetaime，亦笙，我爱你。\r\n2、为国效命，虽死之日，犹生之年，开始战斗吧！\r\n3、太平本是将军定，不许将军见太平。\r\n4、军人之职，守土为国。无论如何请在座诸位谨记，勿忘国殇，奋发图强，效命沙场，报效国家。\r\n5、父帅刚才不是说了，军人最大的本分和实力，就是这一股子不怕死的气性，可是我看见她，大概就不想死了。\r\n6、十万青年十万军，国难岂待儿孙平——就让这场战事止于你我之辈，留给后代一个太平盛世吧。\r\n7那上面刊登着一幅照片，一个旗袍女子，挽着戎装的将军，美人名将，羡煞旁人。\r\n8、家可破，国，不能亡。','2019-08-30','images/yzs.jpg',4,0,0);
/*!40000 ALTER TABLE `article_article` ENABLE KEYS */;
UNLOCK TABLES;

--
-- Table structure for table `article_article_article_type`
--

DROP TABLE IF EXISTS `article_article_article_type`;
/*!40101 SET @saved_cs_client     = @@character_set_client */;
/*!40101 SET character_set_client = utf8 */;
CREATE TABLE `article_article_article_type` (
  `id` int(11) NOT NULL AUTO_INCREMENT,
  `article_id` int(11) NOT NULL,
  `articletype_id` int(11) NOT NULL,
  PRIMARY KEY (`id`),
  UNIQUE KEY `Article_article_article__article_id_articletype_i_1f833b3b_uniq` (`article_id`,`articletype_id`),
  KEY `Article_article_arti_articletype_id_b961d669_fk_Article_a` (`articletype_id`),
  CONSTRAINT `Article_article_arti_article_id_b7ca1f3d_fk_Article_a` FOREIGN KEY (`article_id`) REFERENCES `article_article` (`id`),
  CONSTRAINT `Article_article_arti_articletype_id_b961d669_fk_Article_a` FOREIGN KEY (`articletype_id`) REFERENCES `article_articletype` (`id`)
) ENGINE=InnoDB AUTO_INCREMENT=181 DEFAULT CHARSET=utf8;
/*!40101 SET character_set_client = @saved_cs_client */;

--
-- Dumping data for table `article_article_article_type`
--

LOCK TABLES `article_article_article_type` WRITE;
/*!40000 ALTER TABLE `article_article_article_type` DISABLE KEYS */;
INSERT INTO `article_article_article_type` VALUES (9,2,1),(2,2,3),(10,3,1),(3,3,2),(11,4,1),(12,5,1),(13,6,1),(14,7,1),(15,8,1),(16,9,1),(17,10,1),(18,11,1),(19,12,1),(20,14,1),(21,15,1),(22,16,1),(23,17,1),(24,18,1),(25,19,1),(26,20,1),(27,21,1),(28,22,1),(29,23,1),(30,24,1),(31,25,1),(32,29,1),(33,30,1),(34,31,1),(35,32,1),(36,33,1),(37,34,1),(38,35,1),(39,36,1),(40,37,1),(41,38,1),(42,39,1),(43,40,1),(44,41,1),(45,42,1),(46,43,1),(47,44,1),(48,45,1),(49,46,1),(50,47,1),(51,48,1),(52,49,1),(53,51,2),(54,52,2),(55,60,2),(56,61,2),(57,62,2),(58,63,2),(59,64,2),(60,65,2),(61,66,2),(62,67,2),(63,68,2),(64,69,2),(65,70,2),(66,71,2),(67,72,2),(68,73,2),(69,74,2),(70,75,2),(71,76,2),(72,77,2),(73,78,2),(74,79,2),(75,80,2),(76,81,2),(77,82,2),(78,83,2),(79,84,2),(80,85,2),(81,86,2),(82,87,2),(83,88,2),(84,89,2),(85,90,2),(86,91,2),(87,92,2),(88,93,2),(89,94,2),(90,95,2),(91,96,2),(92,97,2),(93,98,2),(94,99,2),(95,101,3),(96,102,3),(97,103,3),(98,104,3),(99,105,3),(100,106,3),(101,107,3),(102,123,3),(103,124,3),(104,125,3),(105,126,3),(106,127,3),(107,128,3),(108,129,3),(109,130,3),(110,131,3),(111,132,3),(112,133,3),(113,134,3),(114,135,3),(115,136,3),(116,137,3),(117,138,3),(118,139,3),(119,140,3),(120,141,3),(121,142,3),(122,143,3),(123,144,3),(124,145,3),(125,146,3),(126,147,3),(127,148,3),(128,149,3),(129,151,4),(130,152,4),(131,153,4),(132,154,4),(133,155,4),(134,156,4),(135,157,4),(136,158,4),(137,159,4),(138,160,4),(139,161,4),(140,162,4),(141,163,4),(142,164,4),(143,165,4),(144,166,4),(145,167,4),(146,168,4),(147,169,4),(148,170,4),(149,171,4),(150,172,4),(151,173,4),(152,174,4),(153,175,4),(154,176,4),(155,177,4),(156,178,4),(157,179,4),(158,180,4),(159,181,4),(160,182,4),(161,183,4),(162,184,4),(163,185,4),(164,186,4),(165,187,4),(166,188,4),(167,189,4),(168,190,4),(169,191,4),(170,192,4),(171,193,4),(172,194,4),(173,195,4),(174,196,4),(175,197,4),(176,198,4),(177,199,4),(178,200,4);
/*!40000 ALTER TABLE `article_article_article_type` ENABLE KEYS */;
UNLOCK TABLES;

--
-- Table structure for table `article_articletype`
--

DROP TABLE IF EXISTS `article_articletype`;
/*!40101 SET @saved_cs_client     = @@character_set_client */;
/*!40101 SET character_set_client = utf8 */;
CREATE TABLE `article_articletype` (
  `id` int(11) NOT NULL AUTO_INCREMENT,
  `label` varchar(32) NOT NULL,
  `description` longtext NOT NULL,
  PRIMARY KEY (`id`)
) ENGINE=InnoDB AUTO_INCREMENT=7 DEFAULT CHARSET=utf8;
/*!40101 SET character_set_client = @saved_cs_client */;

--
-- Dumping data for table `article_articletype`
--

LOCK TABLES `article_articletype` WRITE;
/*!40000 ALTER TABLE `article_articletype` DISABLE KEYS */;
INSERT INTO `article_articletype` VALUES (1,'个人日记','以铜为镜，可以正衣冠；以古为镜，可以知兴替；以人为镜，可以明得失。朕尝宝此三镜，用防己过。今魏徵殂逝，遂亡一镜矣。'),(2,'学习笔记','关关雎鸠，在河之洲，窈窕淑女，君子好逑'),(3,'技术文章','末世求生'),(4,'小说','小小说'),(5,'哲理故事','人生大道理'),(6,'生活','鸡毛蒜皮小事');
/*!40000 ALTER TABLE `article_articletype` ENABLE KEYS */;
UNLOCK TABLES;

--
-- Table structure for table `article_author`
--

DROP TABLE IF EXISTS `article_author`;
/*!40101 SET @saved_cs_client     = @@character_set_client */;
/*!40101 SET character_set_client = utf8 */;
CREATE TABLE `article_author` (
  `id` int(11) NOT NULL AUTO_INCREMENT,
  `name` varchar(32) NOT NULL,
  `age` int(11) NOT NULL,
  `gender` varchar(16) NOT NULL,
  `birthday` date NOT NULL,
  `email` varchar(254) NOT NULL,
  `address` longtext NOT NULL,
  `photo` varchar(100) NOT NULL,
  PRIMARY KEY (`id`)
) ENGINE=InnoDB AUTO_INCREMENT=5 DEFAULT CHARSET=utf8;
/*!40101 SET character_set_client = @saved_cs_client */;

--
-- Dumping data for table `article_author`
--

LOCK TABLES `article_author` WRITE;
/*!40000 ALTER TABLE `article_author` DISABLE KEYS */;
INSERT INTO `article_author` VALUES (1,'songdna_lee',18,'男','2019-10-16','2533636371@qq.com','中公五方桥','images/abc.jpeg'),(2,'李白',33,'男','2019-08-28','2533636371@qq.com','四川','images/lb.jpg'),(3,'张三',45,'男','2019-08-05','3188282828@qq.com','北京朝阳区','images/ltxz.jpeg'),(4,'李四',34,'女','2019-08-06','31828@qq.com','深圳市龙岗区','images/xkx.jpg');
/*!40000 ALTER TABLE `article_author` ENABLE KEYS */;
UNLOCK TABLES;

--
-- Table structure for table `auth_group`
--

DROP TABLE IF EXISTS `auth_group`;
/*!40101 SET @saved_cs_client     = @@character_set_client */;
/*!40101 SET character_set_client = utf8 */;
CREATE TABLE `auth_group` (
  `id` int(11) NOT NULL AUTO_INCREMENT,
  `name` varchar(80) NOT NULL,
  PRIMARY KEY (`id`),
  UNIQUE KEY `name` (`name`)
) ENGINE=InnoDB DEFAULT CHARSET=utf8;
/*!40101 SET character_set_client = @saved_cs_client */;

--
-- Dumping data for table `auth_group`
--

LOCK TABLES `auth_group` WRITE;
/*!40000 ALTER TABLE `auth_group` DISABLE KEYS */;
/*!40000 ALTER TABLE `auth_group` ENABLE KEYS */;
UNLOCK TABLES;

--
-- Table structure for table `auth_group_permissions`
--

DROP TABLE IF EXISTS `auth_group_permissions`;
/*!40101 SET @saved_cs_client     = @@character_set_client */;
/*!40101 SET character_set_client = utf8 */;
CREATE TABLE `auth_group_permissions` (
  `id` int(11) NOT NULL AUTO_INCREMENT,
  `group_id` int(11) NOT NULL,
  `permission_id` int(11) NOT NULL,
  PRIMARY KEY (`id`),
  UNIQUE KEY `auth_group_permissions_group_id_permission_id_0cd325b0_uniq` (`group_id`,`permission_id`),
  KEY `auth_group_permissio_permission_id_84c5c92e_fk_auth_perm` (`permission_id`),
  CONSTRAINT `auth_group_permissio_permission_id_84c5c92e_fk_auth_perm` FOREIGN KEY (`permission_id`) REFERENCES `auth_permission` (`id`),
  CONSTRAINT `auth_group_permissions_group_id_b120cbf9_fk_auth_group_id` FOREIGN KEY (`group_id`) REFERENCES `auth_group` (`id`)
) ENGINE=InnoDB DEFAULT CHARSET=utf8;
/*!40101 SET character_set_client = @saved_cs_client */;

--
-- Dumping data for table `auth_group_permissions`
--

LOCK TABLES `auth_group_permissions` WRITE;
/*!40000 ALTER TABLE `auth_group_permissions` DISABLE KEYS */;
/*!40000 ALTER TABLE `auth_group_permissions` ENABLE KEYS */;
UNLOCK TABLES;

--
-- Table structure for table `auth_permission`
--

DROP TABLE IF EXISTS `auth_permission`;
/*!40101 SET @saved_cs_client     = @@character_set_client */;
/*!40101 SET character_set_client = utf8 */;
CREATE TABLE `auth_permission` (
  `id` int(11) NOT NULL AUTO_INCREMENT,
  `name` varchar(255) NOT NULL,
  `content_type_id` int(11) NOT NULL,
  `codename` varchar(100) NOT NULL,
  PRIMARY KEY (`id`),
  UNIQUE KEY `auth_permission_content_type_id_codename_01ab375a_uniq` (`content_type_id`,`codename`),
  CONSTRAINT `auth_permission_content_type_id_2f476e4b_fk_django_co` FOREIGN KEY (`content_type_id`) REFERENCES `django_content_type` (`id`)
) ENGINE=InnoDB AUTO_INCREMENT=37 DEFAULT CHARSET=utf8;
/*!40101 SET character_set_client = @saved_cs_client */;

--
-- Dumping data for table `auth_permission`
--

LOCK TABLES `auth_permission` WRITE;
/*!40000 ALTER TABLE `auth_permission` DISABLE KEYS */;
INSERT INTO `auth_permission` VALUES (1,'Can add log entry',1,'add_logentry'),(2,'Can change log entry',1,'change_logentry'),(3,'Can delete log entry',1,'delete_logentry'),(4,'Can view log entry',1,'view_logentry'),(5,'Can add user',2,'add_user'),(6,'Can change user',2,'change_user'),(7,'Can delete user',2,'delete_user'),(8,'Can view user',2,'view_user'),(9,'Can add group',3,'add_group'),(10,'Can change group',3,'change_group'),(11,'Can delete group',3,'delete_group'),(12,'Can view group',3,'view_group'),(13,'Can add permission',4,'add_permission'),(14,'Can change permission',4,'change_permission'),(15,'Can delete permission',4,'delete_permission'),(16,'Can view permission',4,'view_permission'),(17,'Can add content type',5,'add_contenttype'),(18,'Can change content type',5,'change_contenttype'),(19,'Can delete content type',5,'delete_contenttype'),(20,'Can view content type',5,'view_contenttype'),(21,'Can add session',6,'add_session'),(22,'Can change session',6,'change_session'),(23,'Can delete session',6,'delete_session'),(24,'Can view session',6,'view_session'),(25,'Can add article type',7,'add_articletype'),(26,'Can change article type',7,'change_articletype'),(27,'Can delete article type',7,'delete_articletype'),(28,'Can view article type',7,'view_articletype'),(29,'Can add article',8,'add_article'),(30,'Can change article',8,'change_article'),(31,'Can delete article',8,'delete_article'),(32,'Can view article',8,'view_article'),(33,'Can add author',9,'add_author'),(34,'Can change author',9,'change_author'),(35,'Can delete author',9,'delete_author'),(36,'Can view author',9,'view_author');
/*!40000 ALTER TABLE `auth_permission` ENABLE KEYS */;
UNLOCK TABLES;

--
-- Table structure for table `auth_user`
--

DROP TABLE IF EXISTS `auth_user`;
/*!40101 SET @saved_cs_client     = @@character_set_client */;
/*!40101 SET character_set_client = utf8 */;
CREATE TABLE `auth_user` (
  `id` int(11) NOT NULL AUTO_INCREMENT,
  `password` varchar(128) NOT NULL,
  `last_login` datetime(6) DEFAULT NULL,
  `is_superuser` tinyint(1) NOT NULL,
  `username` varchar(150) NOT NULL,
  `first_name` varchar(30) NOT NULL,
  `last_name` varchar(150) NOT NULL,
  `email` varchar(254) NOT NULL,
  `is_staff` tinyint(1) NOT NULL,
  `is_active` tinyint(1) NOT NULL,
  `date_joined` datetime(6) NOT NULL,
  PRIMARY KEY (`id`),
  UNIQUE KEY `username` (`username`)
) ENGINE=InnoDB AUTO_INCREMENT=2 DEFAULT CHARSET=utf8;
/*!40101 SET character_set_client = @saved_cs_client */;

--
-- Dumping data for table `auth_user`
--

LOCK TABLES `auth_user` WRITE;
/*!40000 ALTER TABLE `auth_user` DISABLE KEYS */;
INSERT INTO `auth_user` VALUES (1,'pbkdf2_sha256$120000$HtQ4BlIisflY$zKYER4pncj6BWydY2Gg/7CB+7QOP1kbNji3Gfk3aUrQ=','2019-08-30 19:50:57.253236',1,'admin','','','admin@qq.com',1,1,'2019-08-28 15:43:09.555666');
/*!40000 ALTER TABLE `auth_user` ENABLE KEYS */;
UNLOCK TABLES;

--
-- Table structure for table `auth_user_groups`
--

DROP TABLE IF EXISTS `auth_user_groups`;
/*!40101 SET @saved_cs_client     = @@character_set_client */;
/*!40101 SET character_set_client = utf8 */;
CREATE TABLE `auth_user_groups` (
  `id` int(11) NOT NULL AUTO_INCREMENT,
  `user_id` int(11) NOT NULL,
  `group_id` int(11) NOT NULL,
  PRIMARY KEY (`id`),
  UNIQUE KEY `auth_user_groups_user_id_group_id_94350c0c_uniq` (`user_id`,`group_id`),
  KEY `auth_user_groups_group_id_97559544_fk_auth_group_id` (`group_id`),
  CONSTRAINT `auth_user_groups_group_id_97559544_fk_auth_group_id` FOREIGN KEY (`group_id`) REFERENCES `auth_group` (`id`),
  CONSTRAINT `auth_user_groups_user_id_6a12ed8b_fk_auth_user_id` FOREIGN KEY (`user_id`) REFERENCES `auth_user` (`id`)
) ENGINE=InnoDB DEFAULT CHARSET=utf8;
/*!40101 SET character_set_client = @saved_cs_client */;

--
-- Dumping data for table `auth_user_groups`
--

LOCK TABLES `auth_user_groups` WRITE;
/*!40000 ALTER TABLE `auth_user_groups` DISABLE KEYS */;
/*!40000 ALTER TABLE `auth_user_groups` ENABLE KEYS */;
UNLOCK TABLES;

--
-- Table structure for table `auth_user_user_permissions`
--

DROP TABLE IF EXISTS `auth_user_user_permissions`;
/*!40101 SET @saved_cs_client     = @@character_set_client */;
/*!40101 SET character_set_client = utf8 */;
CREATE TABLE `auth_user_user_permissions` (
  `id` int(11) NOT NULL AUTO_INCREMENT,
  `user_id` int(11) NOT NULL,
  `permission_id` int(11) NOT NULL,
  PRIMARY KEY (`id`),
  UNIQUE KEY `auth_user_user_permissions_user_id_permission_id_14a6b632_uniq` (`user_id`,`permission_id`),
  KEY `auth_user_user_permi_permission_id_1fbb5f2c_fk_auth_perm` (`permission_id`),
  CONSTRAINT `auth_user_user_permi_permission_id_1fbb5f2c_fk_auth_perm` FOREIGN KEY (`permission_id`) REFERENCES `auth_permission` (`id`),
  CONSTRAINT `auth_user_user_permissions_user_id_a95ead1b_fk_auth_user_id` FOREIGN KEY (`user_id`) REFERENCES `auth_user` (`id`)
) ENGINE=InnoDB DEFAULT CHARSET=utf8;
/*!40101 SET character_set_client = @saved_cs_client */;

--
-- Dumping data for table `auth_user_user_permissions`
--

LOCK TABLES `auth_user_user_permissions` WRITE;
/*!40000 ALTER TABLE `auth_user_user_permissions` DISABLE KEYS */;
/*!40000 ALTER TABLE `auth_user_user_permissions` ENABLE KEYS */;
UNLOCK TABLES;

--
-- Table structure for table `django_admin_log`
--

DROP TABLE IF EXISTS `django_admin_log`;
/*!40101 SET @saved_cs_client     = @@character_set_client */;
/*!40101 SET character_set_client = utf8 */;
CREATE TABLE `django_admin_log` (
  `id` int(11) NOT NULL AUTO_INCREMENT,
  `action_time` datetime(6) NOT NULL,
  `object_id` longtext,
  `object_repr` varchar(200) NOT NULL,
  `action_flag` smallint(5) unsigned NOT NULL,
  `change_message` longtext NOT NULL,
  `content_type_id` int(11) DEFAULT NULL,
  `user_id` int(11) NOT NULL,
  PRIMARY KEY (`id`),
  KEY `django_admin_log_content_type_id_c4bce8eb_fk_django_co` (`content_type_id`),
  KEY `django_admin_log_user_id_c564eba6_fk_auth_user_id` (`user_id`),
  CONSTRAINT `django_admin_log_content_type_id_c4bce8eb_fk_django_co` FOREIGN KEY (`content_type_id`) REFERENCES `django_content_type` (`id`),
  CONSTRAINT `django_admin_log_user_id_c564eba6_fk_auth_user_id` FOREIGN KEY (`user_id`) REFERENCES `auth_user` (`id`)
) ENGINE=InnoDB AUTO_INCREMENT=12 DEFAULT CHARSET=utf8;
/*!40101 SET character_set_client = @saved_cs_client */;

--
-- Dumping data for table `django_admin_log`
--

LOCK TABLES `django_admin_log` WRITE;
/*!40000 ALTER TABLE `django_admin_log` DISABLE KEYS */;
INSERT INTO `django_admin_log` VALUES (1,'2019-08-28 15:49:40.223011','1','舞文弄墨',1,'[{\"added\": {}}]',7,1),(2,'2019-08-28 15:49:54.362820','1','舞文弄墨',2,'[]',7,1),(3,'2019-08-28 15:50:41.275503','1','songdna_lee',1,'[{\"added\": {}}]',9,1),(4,'2019-08-28 15:55:15.482187','2','李白',1,'[{\"added\": {}}]',9,1),(5,'2019-08-28 15:55:30.887068','1','清平调',1,'[{\"added\": {}}]',8,1),(6,'2019-08-28 21:13:35.528647','3','张三',1,'[{\"added\": {}}]',9,1),(7,'2019-08-28 21:14:30.496791','4','李四',1,'[{\"added\": {}}]',9,1),(8,'2019-08-28 21:15:10.089056','2','言情',1,'[{\"added\": {}}]',7,1),(9,'2019-08-28 21:16:02.874075','3','科幻',1,'[{\"added\": {}}]',7,1),(10,'2019-08-28 21:17:47.070035','2','三体',1,'[{\"added\": {}}]',8,1),(11,'2019-08-28 21:20:41.863032','3','亦筝笙',1,'[{\"added\": {}}]',8,1);
/*!40000 ALTER TABLE `django_admin_log` ENABLE KEYS */;
UNLOCK TABLES;

--
-- Table structure for table `django_content_type`
--

DROP TABLE IF EXISTS `django_content_type`;
/*!40101 SET @saved_cs_client     = @@character_set_client */;
/*!40101 SET character_set_client = utf8 */;
CREATE TABLE `django_content_type` (
  `id` int(11) NOT NULL AUTO_INCREMENT,
  `app_label` varchar(100) NOT NULL,
  `model` varchar(100) NOT NULL,
  PRIMARY KEY (`id`),
  UNIQUE KEY `django_content_type_app_label_model_76bd3d3b_uniq` (`app_label`,`model`)
) ENGINE=InnoDB AUTO_INCREMENT=10 DEFAULT CHARSET=utf8;
/*!40101 SET character_set_client = @saved_cs_client */;

--
-- Dumping data for table `django_content_type`
--

LOCK TABLES `django_content_type` WRITE;
/*!40000 ALTER TABLE `django_content_type` DISABLE KEYS */;
INSERT INTO `django_content_type` VALUES (1,'admin','logentry'),(8,'Article','article'),(7,'Article','articletype'),(9,'Article','author'),(3,'auth','group'),(4,'auth','permission'),(2,'auth','user'),(5,'contenttypes','contenttype'),(6,'sessions','session');
/*!40000 ALTER TABLE `django_content_type` ENABLE KEYS */;
UNLOCK TABLES;

--
-- Table structure for table `django_migrations`
--

DROP TABLE IF EXISTS `django_migrations`;
/*!40101 SET @saved_cs_client     = @@character_set_client */;
/*!40101 SET character_set_client = utf8 */;
CREATE TABLE `django_migrations` (
  `id` int(11) NOT NULL AUTO_INCREMENT,
  `app` varchar(255) NOT NULL,
  `name` varchar(255) NOT NULL,
  `applied` datetime(6) NOT NULL,
  PRIMARY KEY (`id`)
) ENGINE=InnoDB AUTO_INCREMENT=18 DEFAULT CHARSET=utf8;
/*!40101 SET character_set_client = @saved_cs_client */;

--
-- Dumping data for table `django_migrations`
--

LOCK TABLES `django_migrations` WRITE;
/*!40000 ALTER TABLE `django_migrations` DISABLE KEYS */;
INSERT INTO `django_migrations` VALUES (1,'Article','0001_initial','2019-08-28 15:41:50.232129'),(2,'contenttypes','0001_initial','2019-08-28 15:41:50.283132'),(3,'auth','0001_initial','2019-08-28 15:41:50.889167'),(4,'admin','0001_initial','2019-08-28 15:41:51.022175'),(5,'admin','0002_logentry_remove_auto_add','2019-08-28 15:41:51.038175'),(6,'admin','0003_logentry_add_action_flag_choices','2019-08-28 15:41:51.054176'),(7,'contenttypes','0002_remove_content_type_name','2019-08-28 15:41:51.149182'),(8,'auth','0002_alter_permission_name_max_length','2019-08-28 15:41:51.197185'),(9,'auth','0003_alter_user_email_max_length','2019-08-28 15:41:51.256188'),(10,'auth','0004_alter_user_username_opts','2019-08-28 15:41:51.271189'),(11,'auth','0005_alter_user_last_login_null','2019-08-28 15:41:51.320192'),(12,'auth','0006_require_contenttypes_0002','2019-08-28 15:41:51.326192'),(13,'auth','0007_alter_validators_add_error_messages','2019-08-28 15:41:51.339193'),(14,'auth','0008_alter_user_username_max_length','2019-08-28 15:41:51.395196'),(15,'auth','0009_alter_user_last_name_max_length','2019-08-28 15:41:51.448199'),(16,'sessions','0001_initial','2019-08-28 15:41:51.491201'),(17,'Article','0002_auto_20190830_0927','2019-08-30 09:28:28.630017');
/*!40000 ALTER TABLE `django_migrations` ENABLE KEYS */;
UNLOCK TABLES;

--
-- Table structure for table `django_session`
--

DROP TABLE IF EXISTS `django_session`;
/*!40101 SET @saved_cs_client     = @@character_set_client */;
/*!40101 SET character_set_client = utf8 */;
CREATE TABLE `django_session` (
  `session_key` varchar(40) NOT NULL,
  `session_data` longtext NOT NULL,
  `expire_date` datetime(6) NOT NULL,
  PRIMARY KEY (`session_key`),
  KEY `django_session_expire_date_a5c62663` (`expire_date`)
) ENGINE=InnoDB DEFAULT CHARSET=utf8;
/*!40101 SET character_set_client = @saved_cs_client */;

--
-- Dumping data for table `django_session`
--

LOCK TABLES `django_session` WRITE;
/*!40000 ALTER TABLE `django_session` DISABLE KEYS */;
INSERT INTO `django_session` VALUES ('4i14rf22k54gn4s77zlcubvrlbpsplnh','NDI4OTNmNzMyM2MxYzVmNWQ2M2Y5OTQyOWExMzVkYzU2MzQyZjk5NTp7Il9hdXRoX3VzZXJfaWQiOiIxIiwiX2F1dGhfdXNlcl9oYXNoIjoiZGViNDg4NDIzM2VhZjY4NjA2ZmRmMjQwMGU1ZTk1ODcwMDJkMjczNiIsIl9hdXRoX3VzZXJfYmFja2VuZCI6ImRqYW5nby5jb250cmliLmF1dGguYmFja2VuZHMuTW9kZWxCYWNrZW5kIn0=','2019-09-13 19:50:57.097227'),('r1aocgu2uilsfv40n10dp1coa68hgfg3','MzM4M2Q4NzEwNGYwZDc5NWMyMmZhY2I4NDZjOGUwYmIxOTI1YzYwMTp7Il9hdXRoX3VzZXJfYmFja2VuZCI6ImRqYW5nby5jb250cmliLmF1dGguYmFja2VuZHMuTW9kZWxCYWNrZW5kIiwiX2F1dGhfdXNlcl9oYXNoIjoiMGU0OWRhZTI1M2Q4MDkxNTI2NzNlZjNmZjdkYzhjMWU3N2I2NzQ0MiIsIl9hdXRoX3VzZXJfaWQiOiIxIn0=','2019-09-12 16:41:49.793320'),('r781itddbbof9e9ki6zfr2kxf1x2rexq','MzM4M2Q4NzEwNGYwZDc5NWMyMmZhY2I4NDZjOGUwYmIxOTI1YzYwMTp7Il9hdXRoX3VzZXJfYmFja2VuZCI6ImRqYW5nby5jb250cmliLmF1dGguYmFja2VuZHMuTW9kZWxCYWNrZW5kIiwiX2F1dGhfdXNlcl9oYXNoIjoiMGU0OWRhZTI1M2Q4MDkxNTI2NzNlZjNmZjdkYzhjMWU3N2I2NzQ0MiIsIl9hdXRoX3VzZXJfaWQiOiIxIn0=','2019-09-11 16:35:07.884025'),('x6t6qapbomhjxl2h523vcwsv3m6zitgs','NDI4OTNmNzMyM2MxYzVmNWQ2M2Y5OTQyOWExMzVkYzU2MzQyZjk5NTp7Il9hdXRoX3VzZXJfaWQiOiIxIiwiX2F1dGhfdXNlcl9oYXNoIjoiZGViNDg4NDIzM2VhZjY4NjA2ZmRmMjQwMGU1ZTk1ODcwMDJkMjczNiIsIl9hdXRoX3VzZXJfYmFja2VuZCI6ImRqYW5nby5jb250cmliLmF1dGguYmFja2VuZHMuTW9kZWxCYWNrZW5kIn0=','2019-09-13 19:50:57.256236'),('yerl9xt4ej28ed81e16pjqs76hi1thqx','YjY1YmEyYWE1MWFiMzczMTJmNjFjMDM2YzcwNWU4OWVlYTQ0MDZkNzp7Il9hdXRoX3VzZXJfaWQiOiIxIiwiX2F1dGhfdXNlcl9oYXNoIjoiMGU0OWRhZTI1M2Q4MDkxNTI2NzNlZjNmZjdkYzhjMWU3N2I2NzQ0MiIsIl9hdXRoX3VzZXJfYmFja2VuZCI6ImRqYW5nby5jb250cmliLmF1dGguYmFja2VuZHMuTW9kZWxCYWNrZW5kIn0=','2019-09-11 21:02:03.568069');
/*!40000 ALTER TABLE `django_session` ENABLE KEYS */;
UNLOCK TABLES;
/*!40103 SET TIME_ZONE=@OLD_TIME_ZONE */;

/*!40101 SET SQL_MODE=@OLD_SQL_MODE */;
/*!40014 SET FOREIGN_KEY_CHECKS=@OLD_FOREIGN_KEY_CHECKS */;
/*!40014 SET UNIQUE_CHECKS=@OLD_UNIQUE_CHECKS */;
/*!40101 SET CHARACTER_SET_CLIENT=@OLD_CHARACTER_SET_CLIENT */;
/*!40101 SET CHARACTER_SET_RESULTS=@OLD_CHARACTER_SET_RESULTS */;
/*!40101 SET COLLATION_CONNECTION=@OLD_COLLATION_CONNECTION */;
/*!40111 SET SQL_NOTES=@OLD_SQL_NOTES */;

-- Dump completed on 2019-08-30 22:36:38
